idno,experiment_hash,fold,logits_threshold,wake_acc,sleep_acc,max_X,min_X,mean_X,median_X,std_X
S003,fac828acf4ba385e7c04ef52003c2aaa8c133448,0,-0.2554863,0.6214790390956194,0.9497435897435897,0.6624743896614566,-6.0,-4.0425816793657905,-4.070669791650417,1.2972435411697756
S004,fac828acf4ba385e7c04ef52003c2aaa8c133448,1,0.26012868,0.46684668466846685,0.9496598639455782,0.47207591353042333,-6.0,-3.9019752022202465,-3.9104705620036384,1.3978837216740314
S005,fac828acf4ba385e7c04ef52003c2aaa8c133448,2,-0.25392944,0.7385105669238511,0.9520833333333333,0.2706654991455932,-6.0,-4.0558706264156035,-4.024293081293436,1.3008222779729532
S006,fac828acf4ba385e7c04ef52003c2aaa8c133448,3,0.7064087,0.5339192708333333,0.9499433106575964,0.505204327291067,-6.0,-4.0393632499065655,-4.10147745086827,1.3054800325671643
S007,fac828acf4ba385e7c04ef52003c2aaa8c133448,4,-0.30626485,0.3746637835557196,0.8090986394557823,0.30299572977116196,-6.0,-4.1860970730285745,-4.155834783490748,1.1621764995660886
S010,fac828acf4ba385e7c04ef52003c2aaa8c133448,5,-0.18125752,0.533003420420639,0.9495820136040293,0.4000535216112521,-6.0,-3.9029982174531024,-3.901702010211021,1.2294972689659371
S011,fac828acf4ba385e7c04ef52003c2aaa8c133448,6,0.31441623,0.42896998102890305,0.9354139575205895,0.14487338561409827,-6.0,-4.102363802551589,-4.012663782307739,1.0275579616568737
S012,fac828acf4ba385e7c04ef52003c2aaa8c133448,7,0.2008928,0.3629703886489821,0.9508785942492013,0.36890467928705356,-6.0,-4.05316383250746,-4.018714516040696,1.120356858412411
S013,fac828acf4ba385e7c04ef52003c2aaa8c133448,8,-0.20485374,0.5058506782644714,0.9392968402314197,0.24693210434846696,-6.0,-4.135684542885337,-4.0978534979969234,1.124750073675374
S015,fac828acf4ba385e7c04ef52003c2aaa8c133448,9,1.435713,0.78273007316134,0.9499380859720502,0.5252165119817802,-6.0,-3.958117449354708,-4.011666445563746,1.2817273439523573
S018,fac828acf4ba385e7c04ef52003c2aaa8c133448,10,0.24523276,0.6434108527131783,0.9500226757369614,0.3950636053104156,-6.0,-3.9960021987372,-3.969604766763732,1.2070230764088479
S020,fac828acf4ba385e7c04ef52003c2aaa8c133448,11,0.2992944,0.40827067669172934,0.9467071935157042,0.2091268887481169,-6.0,-4.56071252342696,-4.579410312605421,1.17634637013114
S023,fac828acf4ba385e7c04ef52003c2aaa8c133448,12,0.14231,0.5290239726027397,0.9499007936507936,0.5805658513718015,-6.0,-4.023335913569332,-4.0402168991358804,1.2508176268966626
S024,fac828acf4ba385e7c04ef52003c2aaa8c133448,13,0.278831,0.6826869027543564,0.9537804076265615,0.26303615195614755,-6.0,-3.871619674218637,-3.8990929309436986,1.2533725187507299
S025,fac828acf4ba385e7c04ef52003c2aaa8c133448,14,0.4094931,0.581458919087785,0.9529732678668849,0.5155881831349626,-6.0,-4.326985944312825,-4.32959864416099,1.295197004017985
S027,fac828acf4ba385e7c04ef52003c2aaa8c133448,15,0.20597921,0.360410164957646,0.9443415637860082,0.5548049935264097,-6.0,-3.8471027543918215,-3.8591750751254734,1.2517476020085492
S028,fac828acf4ba385e7c04ef52003c2aaa8c133448,16,0.12278268,0.6235950982524835,0.9211827789057213,0.5172705925180244,-6.0,-4.015575762874654,-4.025114051703299,1.3018126713306426
S029,fac828acf4ba385e7c04ef52003c2aaa8c133448,17,0.1395899,0.4805082119615742,0.9501811594202898,0.3513304412337241,-6.0,-3.980715240044045,-4.0084508856795065,1.2319150600892852
S031,fac828acf4ba385e7c04ef52003c2aaa8c133448,18,-0.18688989,0.5830342577487765,0.9500525099768956,0.42723657219960853,-6.0,-4.112420049724988,-4.080595600773512,1.1466013508070485
S032,fac828acf4ba385e7c04ef52003c2aaa8c133448,19,0.33219293,0.35253356431355565,0.9448003714020428,0.703762038951586,-6.0,-3.9259169638419933,-3.8339441131959875,1.2209902906401593
S033,fac828acf4ba385e7c04ef52003c2aaa8c133448,20,0.02700796,0.5542040737522927,0.9470326409495549,0.17608672476225218,-6.0,-4.0462071662752805,-3.951465554506046,1.1869368084166525
S034,fac828acf4ba385e7c04ef52003c2aaa8c133448,21,0.11681405,0.7385248076412841,0.9498924731182796,0.22244002800805435,-6.0,-4.76022231308886,-5.079627957056137,1.3378563997066597
S035,fac828acf4ba385e7c04ef52003c2aaa8c133448,22,0.2370697,0.586117239205799,0.9539412673879444,0.6248223873696849,-6.0,-3.9886350613028303,-3.963632718035158,1.3078824815618144
S039,fac828acf4ba385e7c04ef52003c2aaa8c133448,23,0.16479203,0.6082846125139942,0.95,0.25743726596876765,-6.0,-4.211170009156505,-4.200798688482349,1.1988591590818582
S042,fac828acf4ba385e7c04ef52003c2aaa8c133448,24,0.067833275,0.6220185397354442,0.9503153153153153,0.3338714189009547,-6.0,-4.250324017004893,-4.264517438400117,1.2343661399909902
S045,fac828acf4ba385e7c04ef52003c2aaa8c133448,25,0.30145454,0.35670493086355337,0.9499319727891157,0.5469353103689449,-6.0,-4.305673418860514,-4.2890108459861676,1.2295286121631435
S046,fac828acf4ba385e7c04ef52003c2aaa8c133448,26,0.21408863,0.6887264332435552,0.9475060827250609,0.28597407843817296,-6.0,-4.615195252399662,-4.996290669534867,1.3803507501688141
S048,fac828acf4ba385e7c04ef52003c2aaa8c133448,27,0.14694521,0.5386219221604448,0.9503263393052697,0.19327710519506264,-6.0,-4.313299493639934,-4.318578884556258,1.2020294193348882
S049,fac828acf4ba385e7c04ef52003c2aaa8c133448,28,0.067747094,0.692246835443038,0.951403435274403,0.6058405597256505,-6.0,-4.0781526518363895,-4.2020124642026255,1.3887979073998447
S050,fac828acf4ba385e7c04ef52003c2aaa8c133448,29,-0.31115508,0.7366754617414248,0.8857442348008385,0.5552520124360387,-6.0,-4.133526663027873,-4.114699971003621,1.4735958017455235
S051,fac828acf4ba385e7c04ef52003c2aaa8c133448,30,0.17160176,0.6339498561446774,0.7576036866359447,0.34215740961154406,-6.0,-4.20590209632008,-4.221681490028992,1.2084704955613887
S053,fac828acf4ba385e7c04ef52003c2aaa8c133448,31,0.15200281,0.6142440649729279,0.9516972732331664,0.6007963237115056,-6.0,-4.090077232688197,-4.04717017625724,1.2778509755269143
S054,fac828acf4ba385e7c04ef52003c2aaa8c133448,32,0.120367035,0.5905935574448171,0.9562911938153525,0.5105065188204427,-6.0,-3.9741140361984013,-4.014243194686999,1.3483976663711041
S056,fac828acf4ba385e7c04ef52003c2aaa8c133448,33,-0.3255571,0.44173962559612784,0.9358787878787879,0.25894460857706497,-6.0,-4.101355821245378,-4.039067261955594,1.1922854705430468
S057,fac828acf4ba385e7c04ef52003c2aaa8c133448,34,0.020240061,0.3875856816450876,0.9485271317829458,0.24800720314248528,-6.0,-4.126329343822923,-4.103634040108378,1.1432315801546453
S061,fac828acf4ba385e7c04ef52003c2aaa8c133448,35,-0.52942544,0.3711349419124218,0.9499312242090784,0.16929850723353998,-6.0,-4.096217623003696,-4.063802655110013,1.075064428671769
S062,fac828acf4ba385e7c04ef52003c2aaa8c133448,36,-0.27655792,0.5145618037847269,0.9499095840867993,0.47302792916124814,-6.0,-4.137740362705978,-4.126435956424672,1.310946102215835
S063,fac828acf4ba385e7c04ef52003c2aaa8c133448,37,-0.28105247,0.4292022372681778,0.19528243327126008,0.2634167125546678,-6.0,-4.202722168483387,-4.182652473065948,1.2824654581823112
S064,fac828acf4ba385e7c04ef52003c2aaa8c133448,38,0.2895056,0.3917582852171162,0.9499926315272388,0.3321075540527216,-5.999999964633229,-3.982572037946751,-3.980362841337791,1.1284444143230579
S066,fac828acf4ba385e7c04ef52003c2aaa8c133448,39,0.18571872,0.6138093412911351,0.9235164835164835,0.5884990476734262,-6.0,-3.9140000548563587,-3.974888815137051,1.362050244654671
S068,fac828acf4ba385e7c04ef52003c2aaa8c133448,40,0.2430183,0.6194363677029747,0.9494770350159163,0.3377873064002585,-6.0,-4.349747052328756,-4.4428684165780465,1.3493625497958883
S069,fac828acf4ba385e7c04ef52003c2aaa8c133448,41,-0.10596269,0.5136390017411492,0.9500416319733556,0.35881508028959996,-6.0,-3.970202305183452,-3.9539567435653,1.210395019606351
S070,fac828acf4ba385e7c04ef52003c2aaa8c133448,42,0.40484124,0.4676600349621244,0.950016676990518,0.5154253473454968,-6.0,-4.028719712625729,-3.998457171754561,1.2729129074770678
S071,fac828acf4ba385e7c04ef52003c2aaa8c133448,43,0.2239911,0.44239085362241576,0.9499013806706115,0.6216630139545488,-6.0,-3.8757892795910407,-3.847276767620025,1.27241042990672
S072,fac828acf4ba385e7c04ef52003c2aaa8c133448,44,-0.036620155,0.49501513263307817,0.9499435028248587,0.2641137555231423,-6.0,-3.8307464994703566,-3.8238263198970417,1.331517501896332
S073,fac828acf4ba385e7c04ef52003c2aaa8c133448,45,-0.19546075,0.44737505249895004,0.8859910581222057,0.45741416004300234,-6.0,-4.029851395061606,-3.990465564997149,1.1701427979698287
S074,fac828acf4ba385e7c04ef52003c2aaa8c133448,46,0.15079257,0.6530130519300195,0.9609141055949567,0.6234912137715286,-6.0,-4.0931749214690205,-4.13111266053642,1.363561155426866
S076,fac828acf4ba385e7c04ef52003c2aaa8c133448,47,1.905905e-05,0.6996536368134587,0.02959094865100087,0.3104865487482205,-6.0,-4.441109772959357,-4.427523428992195,1.1550450487770696
S077,fac828acf4ba385e7c04ef52003c2aaa8c133448,48,0.498892,0.7926732673267327,0.9499090081892629,0.460335130662921,-6.0,-3.8668377595181025,-3.914361877586768,1.2427957932189695
S079,fac828acf4ba385e7c04ef52003c2aaa8c133448,49,0.122821614,0.012570523606849451,0.9490728177295341,0.5432921368717664,-6.0,-4.000559322646707,-4.007863046912409,1.2643442834506042
S080,fac828acf4ba385e7c04ef52003c2aaa8c133448,50,0.3830214,0.5988085988085988,0.9498188405797101,0.1364761920385346,-6.0,-4.008608073009793,-3.995128991075326,1.211344400455476
S082,fac828acf4ba385e7c04ef52003c2aaa8c133448,51,0.33698267,0.39728419702045764,0.9552552552552552,0.2646463810383713,-6.0,-4.184411113081917,-4.148788496408908,1.2539526017229692
S083,fac828acf4ba385e7c04ef52003c2aaa8c133448,52,-0.07719173,0.2980448858992896,0.9486651411136537,0.17951000798028324,-6.0,-4.3739495193504405,-4.334596657578892,1.261592524115724
S084,fac828acf4ba385e7c04ef52003c2aaa8c133448,53,-0.15125997,0.30470758354755784,0.9476931052358735,0.3597073199211932,-6.0,-4.129409329646439,-4.089208312144203,1.1794973410848644
S086,fac828acf4ba385e7c04ef52003c2aaa8c133448,54,-0.09074713,0.44550369948776325,0.9490261547022816,0.3838280673051482,-6.0,-4.236902122193293,-4.229956474723604,1.2347428283383177
S088,fac828acf4ba385e7c04ef52003c2aaa8c133448,55,0.0037795021,0.4505036470996874,0.9468298555377207,0.46617068753887186,-6.0,-3.7602775788826706,-3.745091235379645,1.2018698492809734
S089,fac828acf4ba385e7c04ef52003c2aaa8c133448,56,0.10401997,0.5097767048883525,0.9479658792650919,0.4986468988595063,-6.0,-3.9120130493348935,-3.8655418262937937,1.2744782637338736
S090,fac828acf4ba385e7c04ef52003c2aaa8c133448,57,0.32640845,0.288833794221417,0.9498567335243553,0.6634671886239885,-6.0,-3.8699347576450287,-3.827647828263361,1.276932297877629
S091,fac828acf4ba385e7c04ef52003c2aaa8c133448,58,0.28036565,0.45808678500986194,0.9548158011540169,0.575181802678562,-6.0,-4.189769628308537,-4.264562654722784,1.2823036416198557
S093,fac828acf4ba385e7c04ef52003c2aaa8c133448,59,0.38408124,0.7344610542879623,0.9486880466472303,0.5715239610524793,-6.0,-4.0596629980107535,-4.071617438736977,1.3532431311433935
S095,fac828acf4ba385e7c04ef52003c2aaa8c133448,60,-0.3441718,0.15699626865671643,0.9362362362362362,0.5141101161792831,-6.0,-3.9961552949508214,-3.9956020308799807,1.3516389753401117
S096,fac828acf4ba385e7c04ef52003c2aaa8c133448,61,-0.25261915,0.3875956758462874,0.9487294469357249,0.3571052573240431,-6.0,-4.029480758490703,-4.010750395945351,1.265967638857076
S098,fac828acf4ba385e7c04ef52003c2aaa8c133448,62,-0.15118495,0.3503337326715728,0.9491994177583697,0.40791880942027375,-6.0,-4.160150892169328,-4.153938944737975,1.1881821699098623
S100,fac828acf4ba385e7c04ef52003c2aaa8c133448,63,0.06839898,0.5456596761348553,0.9495716034271726,0.4143925706673045,-6.0,-4.223073062604073,-4.220903395978757,1.2132629649915396
S101,fac828acf4ba385e7c04ef52003c2aaa8c133448,64,0.08325814,0.6635995583364005,0.9309165526675787,0.398354819491717,-6.0,-4.09528583300822,-4.123293314070608,1.268946155061859
S003,f679dd4eb37737e2c1a5b09a3a0ed96e27fdbe92,0,-0.23681818,0.685633537447009,0.9450815850815851,0.6624743896614566,-6.0,-4.0425816793657905,-4.070669791650417,1.2972435411697756
S004,f679dd4eb37737e2c1a5b09a3a0ed96e27fdbe92,1,0.18767492,0.3955145514551455,0.95,0.47207591353042333,-6.0,-3.9019752022202465,-3.9104705620036384,1.3978837216740314
S005,f679dd4eb37737e2c1a5b09a3a0ed96e27fdbe92,2,-0.26794636,0.7451358604495136,0.9153645833333334,0.2706654991455932,-6.0,-4.0558706264156035,-4.024293081293436,1.3008222779729532
S006,f679dd4eb37737e2c1a5b09a3a0ed96e27fdbe92,3,0.2143276,0.465234375,0.9501700680272109,0.505204327291067,-6.0,-4.0393632499065655,-4.10147745086827,1.3054800325671643
S007,f679dd4eb37737e2c1a5b09a3a0ed96e27fdbe92,4,0.38294193,0.31622804704393226,0.9501700680272109,0.30299572977116196,-6.0,-4.1860970730285745,-4.155834783490748,1.1621764995660886
S010,f679dd4eb37737e2c1a5b09a3a0ed96e27fdbe92,5,0.272897,0.5474856269558256,0.9457396541876525,0.4000535216112521,-6.0,-3.9029982174531024,-3.901702010211021,1.2294972689659371
S011,f679dd4eb37737e2c1a5b09a3a0ed96e27fdbe92,6,0.085121214,0.4598817096306216,0.9336801040312094,0.14487338561409827,-6.0,-4.102363802551589,-4.012663782307739,1.0275579616568737
S012,f679dd4eb37737e2c1a5b09a3a0ed96e27fdbe92,7,0.20743448,0.35016964836520664,0.9465355431309904,0.36890467928705356,-6.0,-4.05316383250746,-4.018714516040696,1.120356858412411
S013,f679dd4eb37737e2c1a5b09a3a0ed96e27fdbe92,8,0.17855462,0.4826550688619654,0.9364485981308411,0.24693210434846696,-6.0,-4.135684542885337,-4.0978534979969234,1.124750073675374
S015,f679dd4eb37737e2c1a5b09a3a0ed96e27fdbe92,9,-0.17399375,0.7470157874470543,0.7836989209269415,0.5252165119817802,-6.0,-3.958117449354708,-4.011666445563746,1.2817273439523573
S018,f679dd4eb37737e2c1a5b09a3a0ed96e27fdbe92,10,0.076780416,0.7271108317619945,0.9499773242630386,0.3950636053104156,-6.0,-3.9960021987372,-3.969604766763732,1.2070230764088479
S020,f679dd4eb37737e2c1a5b09a3a0ed96e27fdbe92,11,-0.213183,0.43157894736842106,0.9462512664640325,0.2091268887481169,-6.0,-4.56071252342696,-4.579410312605421,1.17634637013114
S023,f679dd4eb37737e2c1a5b09a3a0ed96e27fdbe92,12,0.21880868,0.5499143835616438,0.9307539682539683,0.5805658513718015,-6.0,-4.023335913569332,-4.0402168991358804,1.2508176268966626
S024,f679dd4eb37737e2c1a5b09a3a0ed96e27fdbe92,13,0.3264615,0.21360314783586284,0.934516765285996,0.26303615195614755,-6.0,-3.871619674218637,-3.8990929309436986,1.2533725187507299
S025,f679dd4eb37737e2c1a5b09a3a0ed96e27fdbe92,14,-0.14623037,0.5841143392689785,0.9147299509001636,0.5155881831349626,-6.0,-4.326985944312825,-4.32959864416099,1.295197004017985
S027,f679dd4eb37737e2c1a5b09a3a0ed96e27fdbe92,15,0.14757894,0.3284886312973696,0.9501028806584362,0.5548049935264097,-6.0,-3.8471027543918215,-3.8591750751254734,1.2517476020085492
S028,f679dd4eb37737e2c1a5b09a3a0ed96e27fdbe92,16,0.10604657,0.6156913929374229,0.946014888854183,0.5172705925180244,-6.0,-4.015575762874654,-4.025114051703299,1.3018126713306426
S029,f679dd4eb37737e2c1a5b09a3a0ed96e27fdbe92,17,0.76774716,0.46637744034707157,0.9501207729468599,0.3513304412337241,-6.0,-3.980715240044045,-4.0084508856795065,1.2319150600892852
S031,f679dd4eb37737e2c1a5b09a3a0ed96e27fdbe92,18,0.0014618597,0.49940184883088634,0.9462297836588952,0.42723657219960853,-6.0,-4.112420049724988,-4.080595600773512,1.1466013508070485
S032,f679dd4eb37737e2c1a5b09a3a0ed96e27fdbe92,19,0.18175898,0.25941966219142487,0.9295728876508821,0.703762038951586,-6.0,-3.9259169638419933,-3.8339441131959875,1.2209902906401593
S033,f679dd4eb37737e2c1a5b09a3a0ed96e27fdbe92,20,0.22860277,0.35862534993725265,0.9500989119683482,0.17608672476225218,-6.0,-4.0462071662752805,-3.951465554506046,1.1869368084166525
S034,f679dd4eb37737e2c1a5b09a3a0ed96e27fdbe92,21,0.18305624,0.748872379941629,0.9546236559139785,0.22244002800805435,-6.0,-4.76022231308886,-5.079627957056137,1.3378563997066597
S035,f679dd4eb37737e2c1a5b09a3a0ed96e27fdbe92,22,-0.10754824,0.6908288685786322,0.9120556414219475,0.6248223873696849,-6.0,-3.9886350613028303,-3.963632718035158,1.3078824815618144
S039,f679dd4eb37737e2c1a5b09a3a0ed96e27fdbe92,23,0.35143617,0.7058091802462992,0.8478127734033246,0.25743726596876765,-6.0,-4.211170009156505,-4.200798688482349,1.1988591590818582
S042,f679dd4eb37737e2c1a5b09a3a0ed96e27fdbe92,24,-0.33081046,0.5235912925736902,0.9318468468468468,0.3338714189009547,-6.0,-4.250324017004893,-4.264517438400117,1.2343661399909902
S045,f679dd4eb37737e2c1a5b09a3a0ed96e27fdbe92,25,0.052099556,0.36048786851030523,0.9506802721088435,0.5469353103689449,-6.0,-4.305673418860514,-4.2890108459861676,1.2295286121631435
S046,f679dd4eb37737e2c1a5b09a3a0ed96e27fdbe92,26,-0.24140364,0.01949467744004104,0.9486009732360098,0.28597407843817296,-6.0,-4.615195252399662,-4.996290669534867,1.3803507501688141
S048,f679dd4eb37737e2c1a5b09a3a0ed96e27fdbe92,27,-0.19651797,0.6738482922954726,0.9521223005825923,0.19327710519506264,-6.0,-4.313299493639934,-4.318578884556258,1.2020294193348882
S049,f679dd4eb37737e2c1a5b09a3a0ed96e27fdbe92,28,-0.25540817,0.6633342922899885,0.977744030163385,0.6058405597256505,-6.0,-4.0781526518363895,-4.2020124642026255,1.3887979073998447
S050,f679dd4eb37737e2c1a5b09a3a0ed96e27fdbe92,29,-0.30009973,0.6121372031662269,0.9366352201257861,0.5552520124360387,-6.0,-4.133526663027873,-4.114699971003621,1.4735958017455235
S051,f679dd4eb37737e2c1a5b09a3a0ed96e27fdbe92,30,0.33525625,0.5516646115906289,0.928673835125448,0.34215740961154406,-6.0,-4.20590209632008,-4.221681490028992,1.2084704955613887
S053,f679dd4eb37737e2c1a5b09a3a0ed96e27fdbe92,31,0.04039059,0.6,0.9473567056204786,0.6007963237115056,-6.0,-4.090077232688197,-4.04717017625724,1.2778509755269143
S054,f679dd4eb37737e2c1a5b09a3a0ed96e27fdbe92,32,-0.1586458,0.6774042586381718,0.9507408692204767,0.5105065188204427,-6.0,-3.9741140361984013,-4.014243194686999,1.3483976663711041
S056,f679dd4eb37737e2c1a5b09a3a0ed96e27fdbe92,33,0.1787341,0.42700548081714,0.9476363636363636,0.25894460857706497,-6.0,-4.101355821245378,-4.039067261955594,1.1922854705430468
S057,f679dd4eb37737e2c1a5b09a3a0ed96e27fdbe92,34,0.23497057,0.06466108149276466,0.9508010335917313,0.24800720314248528,-6.0,-4.126329343822923,-4.103634040108378,1.1432315801546453
S061,f679dd4eb37737e2c1a5b09a3a0ed96e27fdbe92,35,-0.039177988,0.34343163538873994,0.9520861989912884,0.16929850723353998,-6.0,-4.096217623003696,-4.063802655110013,1.075064428671769
S062,f679dd4eb37737e2c1a5b09a3a0ed96e27fdbe92,36,0.14716284,0.4962421151523285,0.9459312839059675,0.47302792916124814,-6.0,-4.137740362705978,-4.126435956424672,1.310946102215835
S063,f679dd4eb37737e2c1a5b09a3a0ed96e27fdbe92,37,-0.23266643,0.5890491610244333,0.9552451893234016,0.2634167125546678,-6.0,-4.202722168483387,-4.182652473065948,1.2824654581823112
S064,f679dd4eb37737e2c1a5b09a3a0ed96e27fdbe92,38,-0.17673466,0.387645337340821,0.9494522768580832,0.3321075540527216,-5.999999964633229,-3.982572037946751,-3.980362841337791,1.1284444143230579
S066,f679dd4eb37737e2c1a5b09a3a0ed96e27fdbe92,39,-0.18788102,0.6379565241198051,0.8983150183150184,0.5884990476734262,-6.0,-3.9140000548563587,-3.974888815137051,1.362050244654671
S068,f679dd4eb37737e2c1a5b09a3a0ed96e27fdbe92,40,-0.015510086,0.63296801610378,0.9483401546157344,0.3377873064002585,-6.0,-4.349747052328756,-4.4428684165780465,1.3493625497958883
S069,f679dd4eb37737e2c1a5b09a3a0ed96e27fdbe92,41,-0.100874856,0.5850261172373766,0.9523834304746045,0.35881508028959996,-6.0,-3.970202305183452,-3.9539567435653,1.210395019606351
S070,f679dd4eb37737e2c1a5b09a3a0ed96e27fdbe92,42,0.28084284,0.37342878548239405,0.949921379901844,0.5154253473454968,-6.0,-4.028719712625729,-3.998457171754561,1.2729129074770678
S071,f679dd4eb37737e2c1a5b09a3a0ed96e27fdbe92,43,0.062284373,0.3733783543628932,0.9431952662721893,0.6216630139545488,-6.0,-3.8757892795910407,-3.847276767620025,1.27241042990672
S072,f679dd4eb37737e2c1a5b09a3a0ed96e27fdbe92,44,0.34080184,0.16227523589104503,0.9414689265536723,0.2641137555231423,-6.0,-3.8307464994703566,-3.8238263198970417,1.331517501896332
S073,f679dd4eb37737e2c1a5b09a3a0ed96e27fdbe92,45,-0.09310001,0.3486770264594708,0.9516145057128663,0.45741416004300234,-6.0,-4.029851395061606,-3.990465564997149,1.1701427979698287
S074,f679dd4eb37737e2c1a5b09a3a0ed96e27fdbe92,46,-0.082891315,0.6557900583171341,0.95,0.6234912137715286,-6.0,-4.0931749214690205,-4.13111266053642,1.363561155426866
S076,f679dd4eb37737e2c1a5b09a3a0ed96e27fdbe92,47,0.28392106,0.38891637803067786,0.9304177545691906,0.3104865487482205,-6.0,-4.441109772959357,-4.427523428992195,1.1550450487770696
S077,f679dd4eb37737e2c1a5b09a3a0ed96e27fdbe92,48,0.35462093,0.8244554455445544,0.9135122838944495,0.460335130662921,-6.0,-3.8668377595181025,-3.914361877586768,1.2427957932189695
S079,f679dd4eb37737e2c1a5b09a3a0ed96e27fdbe92,49,-0.26103818,0.6410967039493219,0.9413839891451832,0.5432921368717664,-6.0,-4.000559322646707,-4.007863046912409,1.2643442834506042
S080,f679dd4eb37737e2c1a5b09a3a0ed96e27fdbe92,50,0.24309956,0.545001295001295,0.9507246376811594,0.1364761920385346,-6.0,-4.008608073009793,-3.995128991075326,1.211344400455476
S082,f679dd4eb37737e2c1a5b09a3a0ed96e27fdbe92,51,0.34727073,0.8536602751443438,0.31351351351351353,0.2646463810383713,-6.0,-4.184411113081917,-4.148788496408908,1.2539526017229692
S083,f679dd4eb37737e2c1a5b09a3a0ed96e27fdbe92,52,0.20383206,0.4193122524674672,0.9492753623188406,0.17951000798028324,-6.0,-4.3739495193504405,-4.334596657578892,1.261592524115724
S084,f679dd4eb37737e2c1a5b09a3a0ed96e27fdbe92,53,-0.018454295,0.415327763496144,0.9499222395023328,0.3597073199211932,-6.0,-4.129409329646439,-4.089208312144203,1.1794973410848644
S086,f679dd4eb37737e2c1a5b09a3a0ed96e27fdbe92,54,-0.22981079,0.0071143995446784295,0.949415692821369,0.3838280673051482,-6.0,-4.236902122193293,-4.229956474723604,1.2347428283383177
S088,f679dd4eb37737e2c1a5b09a3a0ed96e27fdbe92,55,-0.014341085,0.6042028482111844,0.9442215088282504,0.46617068753887186,-6.0,-3.7602775788826706,-3.745091235379645,1.2018698492809734
S089,f679dd4eb37737e2c1a5b09a3a0ed96e27fdbe92,56,0.27225283,0.4863005431502716,0.9500656167979002,0.4986468988595063,-6.0,-3.9120130493348935,-3.8655418262937937,1.2744782637338736
S090,f679dd4eb37737e2c1a5b09a3a0ed96e27fdbe92,57,-0.18125856,0.05230285114904167,0.9699140401146131,0.6634671886239885,-6.0,-3.8699347576450287,-3.827647828263361,1.276932297877629
S091,f679dd4eb37737e2c1a5b09a3a0ed96e27fdbe92,58,-0.3120608,0.5668639053254438,0.9555703506435863,0.575181802678562,-6.0,-4.189769628308537,-4.264562654722784,1.2823036416198557
S093,f679dd4eb37737e2c1a5b09a3a0ed96e27fdbe92,59,0.3567109,0.7006294256490952,0.9431972789115646,0.5715239610524793,-6.0,-4.0596629980107535,-4.071617438736977,1.3532431311433935
S095,f679dd4eb37737e2c1a5b09a3a0ed96e27fdbe92,60,-0.23579058,0.06189365671641791,0.9514514514514515,0.5141101161792831,-6.0,-3.9961552949508214,-3.9956020308799807,1.3516389753401117
S096,f679dd4eb37737e2c1a5b09a3a0ed96e27fdbe92,61,-0.33326682,0.6552118677503354,0.8451420029895366,0.3571052573240431,-6.0,-4.029480758490703,-4.010750395945351,1.265967638857076
S098,f679dd4eb37737e2c1a5b09a3a0ed96e27fdbe92,62,0.3539428,0.34220434708197844,0.9500727802037846,0.40791880942027375,-6.0,-4.160150892169328,-4.153938944737975,1.1881821699098623
S100,f679dd4eb37737e2c1a5b09a3a0ed96e27fdbe92,63,0.49579626,0.5602601539686753,0.9499796001631987,0.4143925706673045,-6.0,-4.223073062604073,-4.220903395978757,1.2132629649915396
S101,f679dd4eb37737e2c1a5b09a3a0ed96e27fdbe92,64,1.1662719,0.6274383511225616,0.9500683994528044,0.398354819491717,-6.0,-4.09528583300822,-4.123293314070608,1.268946155061859
S003,a1565253333940e33fd70f86f9b72ed24d444037,0,-0.19335122,0.7951012717852096,0.9157575757575758,0.6624743896614566,-6.0,-4.0425816793657905,-4.070669791650417,1.2972435411697756
S004,a1565253333940e33fd70f86f9b72ed24d444037,1,0.15810063,0.4351185118511851,0.9501133786848073,0.47207591353042333,-6.0,-3.9019752022202465,-3.9104705620036384,1.3978837216740314
S005,a1565253333940e33fd70f86f9b72ed24d444037,2,-0.17955157,0.8056860114055686,0.9559895833333333,0.2706654991455932,-6.0,-4.0558706264156035,-4.024293081293436,1.3008222779729532
S006,a1565253333940e33fd70f86f9b72ed24d444037,3,-0.1721645,0.4521484375,0.948469387755102,0.505204327291067,-6.0,-4.0393632499065655,-4.10147745086827,1.3054800325671643
S007,a1565253333940e33fd70f86f9b72ed24d444037,4,-0.1069314,0.3036232266230684,0.9462585034013605,0.30299572977116196,-6.0,-4.1860970730285745,-4.155834783490748,1.1621764995660886
S010,a1565253333940e33fd70f86f9b72ed24d444037,5,-0.17133537,0.45280547267302235,0.9491666233968534,0.4000535216112521,-6.0,-3.9029982174531024,-3.901702010211021,1.2294972689659371
S011,a1565253333940e33fd70f86f9b72ed24d444037,6,-0.30667263,0.3933712755272849,0.9508019072388383,0.14487338561409827,-6.0,-4.102363802551589,-4.012663782307739,1.0275579616568737
S012,a1565253333940e33fd70f86f9b72ed24d444037,7,0.23399356,0.3724552745219001,0.9307108626198083,0.36890467928705356,-6.0,-4.05316383250746,-4.018714516040696,1.120356858412411
S013,a1565253333940e33fd70f86f9b72ed24d444037,8,0.07515162,0.7001139070104587,0.9499777481085893,0.24693210434846696,-6.0,-4.135684542885337,-4.0978534979969234,1.124750073675374
S015,a1565253333940e33fd70f86f9b72ed24d444037,9,0.08637725,0.7048517520215634,0.9532991332036087,0.5252165119817802,-6.0,-3.958117449354708,-4.011666445563746,1.2817273439523573
S018,a1565253333940e33fd70f86f9b72ed24d444037,10,-0.32048482,0.009218520846427823,0.9543310657596372,0.3950636053104156,-6.0,-3.9960021987372,-3.969604766763732,1.2070230764088479
S020,a1565253333940e33fd70f86f9b72ed24d444037,11,-0.2707641,0.3849624060150376,0.9500506585612969,0.2091268887481169,-6.0,-4.56071252342696,-4.579410312605421,1.17634637013114
S023,a1565253333940e33fd70f86f9b72ed24d444037,12,-0.31134528,0.5879280821917808,0.9431051587301588,0.5805658513718015,-6.0,-4.023335913569332,-4.0402168991358804,1.2508176268966626
S024,a1565253333940e33fd70f86f9b72ed24d444037,13,0.27599043,0.7223159078133783,0.6481262327416174,0.26303615195614755,-6.0,-3.871619674218637,-3.8990929309436986,1.2533725187507299
S025,a1565253333940e33fd70f86f9b72ed24d444037,14,0.590085,0.5977038425492034,0.9498090561920349,0.5155881831349626,-6.0,-4.326985944312825,-4.32959864416099,1.295197004017985
S027,a1565253333940e33fd70f86f9b72ed24d444037,15,-0.16629063,0.371020954079358,0.9501028806584362,0.5548049935264097,-6.0,-3.8471027543918215,-3.8591750751254734,1.2517476020085492
S028,a1565253333940e33fd70f86f9b72ed24d444037,16,-0.02191602,0.6088753534914074,0.9409651725753553,0.5172705925180244,-6.0,-4.015575762874654,-4.025114051703299,1.3018126713306426
S029,a1565253333940e33fd70f86f9b72ed24d444037,17,-0.013770364,0.9946699721103192,0.0006642512077294686,0.3513304412337241,-6.0,-3.980715240044045,-4.0084508856795065,1.2319150600892852
S031,a1565253333940e33fd70f86f9b72ed24d444037,18,-0.22492641,0.5002718868950516,0.9491283343835328,0.42723657219960853,-6.0,-4.112420049724988,-4.080595600773512,1.1466013508070485
S032,a1565253333940e33fd70f86f9b72ed24d444037,19,-0.22777903,0.16619748809008228,0.9457753017641597,0.703762038951586,-6.0,-3.9259169638419933,-3.8339441131959875,1.2209902906401593
S033,a1565253333940e33fd70f86f9b72ed24d444037,20,0.44526005,0.5839366734240757,0.9500989119683482,0.17608672476225218,-6.0,-4.0462071662752805,-3.951465554506046,1.1869368084166525
S034,a1565253333940e33fd70f86f9b72ed24d444037,21,0.28961527,0.7364022287078801,0.9502150537634408,0.22244002800805435,-6.0,-4.76022231308886,-5.079627957056137,1.3378563997066597
S035,a1565253333940e33fd70f86f9b72ed24d444037,22,0.0302753,0.6913016073116924,0.948634724368882,0.6248223873696849,-6.0,-3.9886350613028303,-3.963632718035158,1.3078824815618144
S039,a1565253333940e33fd70f86f9b72ed24d444037,23,0.114607215,0.6132603557656425,0.9482939632545931,0.25743726596876765,-6.0,-4.211170009156505,-4.200798688482349,1.1988591590818582
S042,a1565253333940e33fd70f86f9b72ed24d444037,24,0.57383823,0.4999479220914488,0.95,0.3338714189009547,-6.0,-4.250324017004893,-4.264517438400117,1.2343661399909902
S045,a1565253333940e33fd70f86f9b72ed24d444037,25,-0.011975073,0.36107487607618055,0.9512244897959183,0.5469353103689449,-6.0,-4.305673418860514,-4.2890108459861676,1.2295286121631435
S046,a1565253333940e33fd70f86f9b72ed24d444037,26,0.34396434,0.6941772476593562,0.933029197080292,0.28597407843817296,-6.0,-4.615195252399662,-4.996290669534867,1.3803507501688141
S048,a1565253333940e33fd70f86f9b72ed24d444037,27,0.02846834,0.5381254964257347,0.9500197117701169,0.19327710519506264,-6.0,-4.313299493639934,-4.318578884556258,1.2020294193348882
S049,a1565253333940e33fd70f86f9b72ed24d444037,28,-0.15844518,0.6917433831990794,0.9486803519061584,0.6058405597256505,-6.0,-4.0781526518363895,-4.2020124642026255,1.3887979073998447
S050,a1565253333940e33fd70f86f9b72ed24d444037,29,-0.062282346,0.6873878627968337,0.949895178197065,0.5552520124360387,-6.0,-4.133526663027873,-4.114699971003621,1.4735958017455235
S051,a1565253333940e33fd70f86f9b72ed24d444037,30,-0.33646685,0.10028771064529388,0.931694828469022,0.34215740961154406,-6.0,-4.20590209632008,-4.221681490028992,1.2084704955613887
S053,a1565253333940e33fd70f86f9b72ed24d444037,31,-0.35325363,0.0758850478967097,0.9473567056204786,0.6007963237115056,-6.0,-4.090077232688197,-4.04717017625724,1.2778509755269143
S054,a1565253333940e33fd70f86f9b72ed24d444037,32,0.8917596,0.6764682942048202,0.9500470786461173,0.5105065188204427,-6.0,-3.9741140361984013,-4.014243194686999,1.3483976663711041
S056,a1565253333940e33fd70f86f9b72ed24d444037,33,1.7719208,0.4223076375542743,0.95,0.25894460857706497,-6.0,-4.101355821245378,-4.039067261955594,1.1922854705430468
S057,a1565253333940e33fd70f86f9b72ed24d444037,34,-0.1858201,0.3978674790555979,0.9496124031007752,0.24800720314248528,-6.0,-4.126329343822923,-4.103634040108378,1.1432315801546453
S061,a1565253333940e33fd70f86f9b72ed24d444037,35,-0.14308648,0.3741733690795353,0.9070151306740027,0.16929850723353998,-6.0,-4.096217623003696,-4.063802655110013,1.075064428671769
S062,a1565253333940e33fd70f86f9b72ed24d444037,36,0.47565776,0.5012078915581801,0.9496684749849307,0.47302792916124814,-6.0,-4.137740362705978,-4.126435956424672,1.310946102215835
S063,a1565253333940e33fd70f86f9b72ed24d444037,37,0.25466502,0.545775684427436,0.9532588454376164,0.2634167125546678,-6.0,-4.202722168483387,-4.182652473065948,1.2824654581823112
S064,a1565253333940e33fd70f86f9b72ed24d444037,38,0.032850064,0.40259432096812464,0.9134450066316255,0.3321075540527216,-5.999999964633229,-3.982572037946751,-3.980362841337791,1.1284444143230579
S066,a1565253333940e33fd70f86f9b72ed24d444037,39,0.028450826,0.6161638285057219,0.9494505494505494,0.5884990476734262,-6.0,-3.9140000548563587,-3.974888815137051,1.362050244654671
S068,a1565253333940e33fd70f86f9b72ed24d444037,40,1.3777237,0.62625810780586,0.9499317871759891,0.3377873064002585,-6.0,-4.349747052328756,-4.4428684165780465,1.3493625497958883
S069,a1565253333940e33fd70f86f9b72ed24d444037,41,-0.035795048,0.5351857225769008,0.9499375520399667,0.35881508028959996,-6.0,-3.970202305183452,-3.9539567435653,1.210395019606351
S070,a1565253333940e33fd70f86f9b72ed24d444037,42,-0.18034993,0.4888037958877882,0.9133272978510506,0.5154253473454968,-6.0,-4.028719712625729,-3.998457171754561,1.2729129074770678
S071,a1565253333940e33fd70f86f9b72ed24d444037,43,0.0055918447,0.44920324625318403,0.9255095332018409,0.6216630139545488,-6.0,-3.8757892795910407,-3.847276767620025,1.27241042990672
S072,a1565253333940e33fd70f86f9b72ed24d444037,44,0.18975952,0.44182837813779596,0.9505084745762712,0.2641137555231423,-6.0,-3.8307464994703566,-3.8238263198970417,1.331517501896332
S073,a1565253333940e33fd70f86f9b72ed24d444037,45,0.20991817,0.3720285594288114,0.9503725782414307,0.45741416004300234,-6.0,-4.029851395061606,-3.990465564997149,1.1701427979698287
S074,a1565253333940e33fd70f86f9b72ed24d444037,46,0.00573297,0.6813385170785893,0.948936170212766,0.6234912137715286,-6.0,-4.0931749214690205,-4.13111266053642,1.363561155426866
S076,a1565253333940e33fd70f86f9b72ed24d444037,47,0.562415,0.35366155368629393,0.95,0.3104865487482205,-6.0,-4.441109772959357,-4.427523428992195,1.1550450487770696
S077,a1565253333940e33fd70f86f9b72ed24d444037,48,0.58691907,0.7844554455445545,0.9500909918107371,0.460335130662921,-6.0,-3.8668377595181025,-3.914361877586768,1.2427957932189695
S079,a1565253333940e33fd70f86f9b72ed24d444037,49,-0.31783447,0.7290903691972681,0.9417458163726821,0.5432921368717664,-6.0,-4.000559322646707,-4.007863046912409,1.2643442834506042
S080,a1565253333940e33fd70f86f9b72ed24d444037,50,0.2701013,0.5438357938357938,0.9499396135265701,0.1364761920385346,-6.0,-4.008608073009793,-3.995128991075326,1.211344400455476
S082,a1565253333940e33fd70f86f9b72ed24d444037,51,0.17130348,0.4252263169149619,0.9498498498498499,0.2646463810383713,-6.0,-4.184411113081917,-4.148788496408908,1.2539526017229692
S083,a1565253333940e33fd70f86f9b72ed24d444037,52,0.16915667,0.29672471239077136,0.9508009153318078,0.17951000798028324,-6.0,-4.3739495193504405,-4.334596657578892,1.261592524115724
S084,a1565253333940e33fd70f86f9b72ed24d444037,53,-0.13568723,0.3152313624678663,0.9417833074131674,0.3597073199211932,-6.0,-4.129409329646439,-4.089208312144203,1.1794973410848644
S086,a1565253333940e33fd70f86f9b72ed24d444037,54,0.17661878,0.4156943653955606,0.9499721758486366,0.3838280673051482,-6.0,-4.236902122193293,-4.229956474723604,1.2347428283383177
S088,a1565253333940e33fd70f86f9b72ed24d444037,55,-0.19369665,0.3321465786731504,0.944723113964687,0.46617068753887186,-6.0,-3.7602775788826706,-3.745091235379645,1.2018698492809734
S089,a1565253333940e33fd70f86f9b72ed24d444037,56,-0.19487292,0.4930597465298733,0.9535433070866142,0.4986468988595063,-6.0,-3.9120130493348935,-3.8655418262937937,1.2744782637338736
S090,a1565253333940e33fd70f86f9b72ed24d444037,57,0.06486069,0.21765042433489082,0.9514804202483286,0.6634671886239885,-6.0,-3.8699347576450287,-3.827647828263361,1.276932297877629
S091,a1565253333940e33fd70f86f9b72ed24d444037,58,0.19636047,0.6751479289940828,0.9500221926320461,0.575181802678562,-6.0,-4.189769628308537,-4.264562654722784,1.2823036416198557
S093,a1565253333940e33fd70f86f9b72ed24d444037,59,-0.020146914,0.7316089693154996,0.9487852283770651,0.5715239610524793,-6.0,-4.0596629980107535,-4.071617438736977,1.3532431311433935
S095,a1565253333940e33fd70f86f9b72ed24d444037,60,0.074711755,0.3895522388059702,0.950950950950951,0.5141101161792831,-6.0,-3.9961552949508214,-3.9956020308799807,1.3516389753401117
S096,a1565253333940e33fd70f86f9b72ed24d444037,61,-0.0011242481,0.36826323680265133,0.9502242152466368,0.3571052573240431,-6.0,-4.029480758490703,-4.010750395945351,1.265967638857076
S098,a1565253333940e33fd70f86f9b72ed24d444037,62,0.20741442,0.20640082149580694,0.9531295487627366,0.40791880942027375,-6.0,-4.160150892169328,-4.153938944737975,1.1881821699098623
S100,a1565253333940e33fd70f86f9b72ed24d444037,63,1.532798,0.5560127422352005,0.9499796001631987,0.4143925706673045,-6.0,-4.223073062604073,-4.220903395978757,1.2132629649915396
S101,a1565253333940e33fd70f86f9b72ed24d444037,64,0.04825168,0.7048214942951785,0.9427268581851345,0.398354819491717,-6.0,-4.09528583300822,-4.123293314070608,1.268946155061859
S003,91c86e2d0c6fa33313923c95da859eaebb1591ab,0,0.79996073,0.8517192651907678,0.9499300699300699,0.6624743896614566,-6.0,-4.0425816793657905,-4.070669791650417,1.2972435411697756
S004,91c86e2d0c6fa33313923c95da859eaebb1591ab,1,0.1905469,0.2148964896489649,0.9503968253968254,0.47207591353042333,-6.0,-3.9019752022202465,-3.9104705620036384,1.3978837216740314
S005,91c86e2d0c6fa33313923c95da859eaebb1591ab,2,0.48291206,0.8728614558872861,0.9500520833333334,0.2706654991455932,-6.0,-4.0558706264156035,-4.024293081293436,1.3008222779729532
S006,91c86e2d0c6fa33313923c95da859eaebb1591ab,3,0.21963963,0.5494791666666666,0.9501133786848073,0.505204327291067,-6.0,-4.0393632499065655,-4.10147745086827,1.3054800325671643
S007,91c86e2d0c6fa33313923c95da859eaebb1591ab,4,0.0042139655,0.8745319339697273,0.37023809523809526,0.30299572977116196,-6.0,-4.1860970730285745,-4.155834783490748,1.1621764995660886
S010,91c86e2d0c6fa33313923c95da859eaebb1591ab,5,-0.066798404,0.5608762098828324,0.9499974038112051,0.4000535216112521,-6.0,-3.9029982174531024,-3.901702010211021,1.2294972689659371
S011,91c86e2d0c6fa33313923c95da859eaebb1591ab,6,-1.658816,0.5545140051333557,0.9500650195058518,0.14487338561409827,-6.0,-4.102363802551589,-4.012663782307739,1.0275579616568737
S012,91c86e2d0c6fa33313923c95da859eaebb1591ab,7,-0.21420637,0.4355336212214682,0.8323682108626198,0.36890467928705356,-6.0,-4.05316383250746,-4.018714516040696,1.120356858412411
S013,91c86e2d0c6fa33313923c95da859eaebb1591ab,8,-0.11630447,0.6334265299782541,0.9499777481085893,0.24693210434846696,-6.0,-4.135684542885337,-4.0978534979969234,1.124750073675374
S015,91c86e2d0c6fa33313923c95da859eaebb1591ab,9,0.13153352,0.854351174432037,0.9499380859720502,0.5252165119817802,-6.0,-3.958117449354708,-4.011666445563746,1.2817273439523573
S018,91c86e2d0c6fa33313923c95da859eaebb1591ab,10,0.16864094,0.7667085690341504,0.9500226757369614,0.3950636053104156,-6.0,-3.9960021987372,-3.969604766763732,1.2070230764088479
S020,91c86e2d0c6fa33313923c95da859eaebb1591ab,11,0.1155916,0.45026852846401716,0.9500506585612969,0.2091268887481169,-6.0,-4.56071252342696,-4.579410312605421,1.17634637013114
S023,91c86e2d0c6fa33313923c95da859eaebb1591ab,12,-0.04801818,0.585445205479452,0.9501488095238095,0.5805658513718015,-6.0,-4.023335913569332,-4.0402168991358804,1.2508176268966626
S024,91c86e2d0c6fa33313923c95da859eaebb1591ab,13,0.2951894,0.7192242833052277,0.9499671268902038,0.26303615195614755,-6.0,-3.871619674218637,-3.8990929309436986,1.2533725187507299
S025,91c86e2d0c6fa33313923c95da859eaebb1591ab,14,-0.2985835,0.6704935957513277,0.8566284779050737,0.5155881831349626,-6.0,-4.326985944312825,-4.32959864416099,1.295197004017985
S027,91c86e2d0c6fa33313923c95da859eaebb1591ab,15,0.07778762,0.29799375835934017,0.95,0.5548049935264097,-6.0,-3.8471027543918215,-3.8591750751254734,1.2517476020085492
S028,91c86e2d0c6fa33313923c95da859eaebb1591ab,16,0.2596051,0.617214125154086,0.9499713675881097,0.5172705925180244,-6.0,-4.015575762874654,-4.025114051703299,1.3018126713306426
S029,91c86e2d0c6fa33313923c95da859eaebb1591ab,17,0.17737372,0.5267431050511311,0.9347826086956522,0.3513304412337241,-6.0,-3.980715240044045,-4.0084508856795065,1.2319150600892852
S031,91c86e2d0c6fa33313923c95da859eaebb1591ab,18,0.066593364,0.5941272430668841,0.9499264860323462,0.42723657219960853,-6.0,-4.112420049724988,-4.080595600773512,1.1466013508070485
S032,91c86e2d0c6fa33313923c95da859eaebb1591ab,19,-0.0072461623,0.5542442615851018,0.902414113277623,0.703762038951586,-6.0,-3.9259169638419933,-3.8339441131959875,1.2209902906401593
S033,91c86e2d0c6fa33313923c95da859eaebb1591ab,20,0.5094133,0.6304662612221257,0.9489119683481702,0.17608672476225218,-6.0,-4.0462071662752805,-3.951465554506046,1.1869368084166525
S034,91c86e2d0c6fa33313923c95da859eaebb1591ab,21,-0.16348782,0.776067922525869,0.9501075268817204,0.22244002800805435,-6.0,-4.76022231308886,-5.079627957056137,1.3378563997066597
S035,91c86e2d0c6fa33313923c95da859eaebb1591ab,22,-0.04552096,0.7671761739678538,0.5726429675425039,0.6248223873696849,-6.0,-3.9886350613028303,-3.963632718035158,1.3078824815618144
S039,91c86e2d0c6fa33313923c95da859eaebb1591ab,23,0.27019417,0.6325413608657793,0.9417322834645669,0.25743726596876765,-6.0,-4.211170009156505,-4.200798688482349,1.1988591590818582
S042,91c86e2d0c6fa33313923c95da859eaebb1591ab,24,-0.6565167,0.7272159150088533,0.95,0.3338714189009547,-6.0,-4.250324017004893,-4.264517438400117,1.2343661399909902
S045,91c86e2d0c6fa33313923c95da859eaebb1591ab,25,0.1716494,0.4162535872684581,0.9012925170068027,0.5469353103689449,-6.0,-4.305673418860514,-4.2890108459861676,1.2295286121631435
S046,91c86e2d0c6fa33313923c95da859eaebb1591ab,26,-0.21519457,0.6964217006540977,0.9280413625304136,0.28597407843817296,-6.0,-4.615195252399662,-4.996290669534867,1.3803507501688141
S048,91c86e2d0c6fa33313923c95da859eaebb1591ab,27,0.95268977,0.653196981731533,0.9499759078365237,0.19327710519506264,-6.0,-4.313299493639934,-4.318578884556258,1.2020294193348882
S049,91c86e2d0c6fa33313923c95da859eaebb1591ab,28,0.025877751,0.7609321058688148,0.9390448261416003,0.6058405597256505,-6.0,-4.0781526518363895,-4.2020124642026255,1.3887979073998447
S050,91c86e2d0c6fa33313923c95da859eaebb1591ab,29,-0.32605702,0.7262269129287598,0.9494758909853249,0.5552520124360387,-6.0,-4.133526663027873,-4.114699971003621,1.4735958017455235
S051,91c86e2d0c6fa33313923c95da859eaebb1591ab,30,0.15230057,0.6186600904233457,0.9013824884792627,0.34215740961154406,-6.0,-4.20590209632008,-4.221681490028992,1.2084704955613887
S053,91c86e2d0c6fa33313923c95da859eaebb1591ab,31,-0.1397062,0.6413161182840483,0.9326099053978854,0.6007963237115056,-6.0,-4.090077232688197,-4.04717017625724,1.2778509755269143
S054,91c86e2d0c6fa33313923c95da859eaebb1591ab,32,0.2453494,0.7244364714140863,0.9500966351157144,0.5105065188204427,-6.0,-3.9741140361984013,-4.014243194686999,1.3483976663711041
S056,91c86e2d0c6fa33313923c95da859eaebb1591ab,33,-0.27019462,0.6196882340380099,0.9501212121212121,0.25894460857706497,-6.0,-4.101355821245378,-4.039067261955594,1.1922854705430468
S057,91c86e2d0c6fa33313923c95da859eaebb1591ab,34,-0.115356475,0.4629093678598629,0.9500258397932817,0.24800720314248528,-6.0,-4.126329343822923,-4.103634040108378,1.1432315801546453
S061,91c86e2d0c6fa33313923c95da859eaebb1591ab,35,0.29136825,0.46085790884718497,0.9502980284273269,0.16929850723353998,-6.0,-4.096217623003696,-4.063802655110013,1.075064428671769
S062,91c86e2d0c6fa33313923c95da859eaebb1591ab,36,0.6872223,0.5361025365722721,0.9499698613622665,0.47302792916124814,-6.0,-4.137740362705978,-4.126435956424672,1.310946102215835
S063,91c86e2d0c6fa33313923c95da859eaebb1591ab,37,-0.14897102,0.6117162201942891,0.9509621353196772,0.2634167125546678,-6.0,-4.202722168483387,-4.182652473065948,1.2824654581823112
S064,91c86e2d0c6fa33313923c95da859eaebb1591ab,38,-0.12514907,0.6451791505180733,0.642088716412045,0.3321075540527216,-5.999999964633229,-3.982572037946751,-3.980362841337791,1.1284444143230579
S066,91c86e2d0c6fa33313923c95da859eaebb1591ab,39,-0.084732875,0.7854678858895033,0.850989010989011,0.5884990476734262,-6.0,-3.9140000548563587,-3.974888815137051,1.362050244654671
S068,91c86e2d0c6fa33313923c95da859eaebb1591ab,40,-0.14375821,0.47830462983672556,0.9499317871759891,0.3377873064002585,-6.0,-4.349747052328756,-4.4428684165780465,1.3493625497958883
S069,91c86e2d0c6fa33313923c95da859eaebb1591ab,41,-0.16590635,0.6069355774811376,0.95009367194005,0.35881508028959996,-6.0,-3.970202305183452,-3.9539567435653,1.210395019606351
S070,91c86e2d0c6fa33313923c95da859eaebb1591ab,42,0.5913756,0.5098643136602015,0.950016676990518,0.5154253473454968,-6.0,-4.028719712625729,-3.998457171754561,1.2729129074770678
S071,91c86e2d0c6fa33313923c95da859eaebb1591ab,43,0.021479992,0.4553640187192702,0.9499671268902038,0.6216630139545488,-6.0,-3.8757892795910407,-3.847276767620025,1.27241042990672
S072,91c86e2d0c6fa33313923c95da859eaebb1591ab,44,0.47840646,0.5048958518782268,0.9499435028248587,0.2641137555231423,-6.0,-3.8307464994703566,-3.8238263198970417,1.331517501896332
S073,91c86e2d0c6fa33313923c95da859eaebb1591ab,45,0.061885733,0.38370432591348175,0.9485345255837059,0.45741416004300234,-6.0,-4.029851395061606,-3.990465564997149,1.1701427979698287
S074,91c86e2d0c6fa33313923c95da859eaebb1591ab,46,-0.013877628,0.7192446542627048,0.95,0.6234912137715286,-6.0,-4.0931749214690205,-4.13111266053642,1.363561155426866
S076,91c86e2d0c6fa33313923c95da859eaebb1591ab,47,-0.479419,0.5034636318654132,0.9500870322019147,0.3104865487482205,-6.0,-4.441109772959357,-4.427523428992195,1.1550450487770696
S077,91c86e2d0c6fa33313923c95da859eaebb1591ab,48,0.013902837,0.8352475247524752,0.9506824385805277,0.460335130662921,-6.0,-3.8668377595181025,-3.914361877586768,1.2427957932189695
S079,91c86e2d0c6fa33313923c95da859eaebb1591ab,49,0.46669263,0.7155300405820053,0.9499773857982813,0.5432921368717664,-6.0,-4.000559322646707,-4.007863046912409,1.2643442834506042
S080,91c86e2d0c6fa33313923c95da859eaebb1591ab,50,-5.572178,0.5843045843045843,0.9500603864734299,0.1364761920385346,-6.0,-4.008608073009793,-3.995128991075326,1.211344400455476
S082,91c86e2d0c6fa33313923c95da859eaebb1591ab,51,-0.26683176,0.5213129945113693,0.9501501501501501,0.2646463810383713,-6.0,-4.184411113081917,-4.148788496408908,1.2539526017229692
S083,91c86e2d0c6fa33313923c95da859eaebb1591ab,52,0.30431524,0.43421135349217327,0.9500381388253242,0.17951000798028324,-6.0,-4.3739495193504405,-4.334596657578892,1.261592524115724
S084,91c86e2d0c6fa33313923c95da859eaebb1591ab,53,-0.38024557,0.40608933161953725,0.9500777604976672,0.3597073199211932,-6.0,-4.129409329646439,-4.089208312144203,1.1794973410848644
S086,91c86e2d0c6fa33313923c95da859eaebb1591ab,54,0.60510164,0.5114541832669323,0.9499721758486366,0.3838280673051482,-6.0,-4.236902122193293,-4.229956474723604,1.2347428283383177
S088,91c86e2d0c6fa33313923c95da859eaebb1591ab,55,-0.2435874,0.580236193122612,0.9501404494382022,0.46617068753887186,-6.0,-3.7602775788826706,-3.745091235379645,1.2018698492809734
S089,91c86e2d0c6fa33313923c95da859eaebb1591ab,56,-0.21040961,0.5012673506336753,0.9492782152230971,0.4986468988595063,-6.0,-3.9120130493348935,-3.8655418262937937,1.2744782637338736
S090,91c86e2d0c6fa33313923c95da859eaebb1591ab,57,0.15584496,0.3003242109278154,0.9500477554918816,0.6634671886239885,-6.0,-3.8699347576450287,-3.827647828263361,1.276932297877629
S091,91c86e2d0c6fa33313923c95da859eaebb1591ab,58,0.13157623,0.6019723865877712,0.9500221926320461,0.575181802678562,-6.0,-4.189769628308537,-4.264562654722784,1.2823036416198557
S093,91c86e2d0c6fa33313923c95da859eaebb1591ab,59,0.7622886,0.7529504327301337,0.95,0.5715239610524793,-6.0,-4.0596629980107535,-4.071617438736977,1.3532431311433935
S095,91c86e2d0c6fa33313923c95da859eaebb1591ab,60,0.31201133,0.43078358208955225,0.951051051051051,0.5141101161792831,-6.0,-3.9961552949508214,-3.9956020308799807,1.3516389753401117
S096,91c86e2d0c6fa33313923c95da859eaebb1591ab,61,-0.050509103,0.547108024934901,0.9500747384155456,0.3571052573240431,-6.0,-4.029480758490703,-4.010750395945351,1.265967638857076
S098,91c86e2d0c6fa33313923c95da859eaebb1591ab,62,-0.16841109,0.4003080609276057,0.9489568170790879,0.40791880942027375,-6.0,-4.160150892169328,-4.153938944737975,1.1881821699098623
S100,91c86e2d0c6fa33313923c95da859eaebb1591ab,63,-0.30264854,0.677860366339262,0.9499796001631987,0.4143925706673045,-6.0,-4.223073062604073,-4.220903395978757,1.2132629649915396
S101,91c86e2d0c6fa33313923c95da859eaebb1591ab,64,0.3180297,0.7403386087596614,0.9500227998176014,0.398354819491717,-6.0,-4.09528583300822,-4.123293314070608,1.268946155061859
S003,757a4e3aa529fec601a5dee89d9fc8ca73fdcdc0,0,0.034089968,0.843617522373999,0.9500699300699301,0.6624743896614566,-6.0,-4.0425816793657905,-4.070669791650417,1.2972435411697756
S004,757a4e3aa529fec601a5dee89d9fc8ca73fdcdc0,1,1.3349807,0.4096909690969097,0.9499433106575964,0.47207591353042333,-6.0,-3.9019752022202465,-3.9104705620036384,1.3978837216740314
S005,757a4e3aa529fec601a5dee89d9fc8ca73fdcdc0,2,0.16319959,0.8358772224085878,0.9521875,0.2706654991455932,-6.0,-4.0558706264156035,-4.024293081293436,1.3008222779729532
S006,757a4e3aa529fec601a5dee89d9fc8ca73fdcdc0,3,0.55957925,0.5640625,0.95,0.505204327291067,-6.0,-4.0393632499065655,-4.10147745086827,1.3054800325671643
S007,757a4e3aa529fec601a5dee89d9fc8ca73fdcdc0,4,0.32888812,0.4489742102209799,0.9500850340136054,0.30299572977116196,-6.0,-4.1860970730285745,-4.155834783490748,1.1621764995660886
S010,757a4e3aa529fec601a5dee89d9fc8ca73fdcdc0,5,1.0180326,0.5676442762535477,0.9500493275871021,0.4000535216112521,-6.0,-3.9029982174531024,-3.901702010211021,1.2294972689659371
S011,757a4e3aa529fec601a5dee89d9fc8ca73fdcdc0,6,0.16364312,0.5093181564557527,0.9507585609016038,0.14487338561409827,-6.0,-4.102363802551589,-4.012663782307739,1.0275579616568737
S012,757a4e3aa529fec601a5dee89d9fc8ca73fdcdc0,7,-0.26363033,0.950107958050586,0.13483426517571884,0.36890467928705356,-6.0,-4.05316383250746,-4.018714516040696,1.120356858412411
S013,757a4e3aa529fec601a5dee89d9fc8ca73fdcdc0,8,-3.408687,0.6362224293258776,0.9499777481085893,0.24693210434846696,-6.0,-4.135684542885337,-4.0978534979969234,1.124750073675374
S015,757a4e3aa529fec601a5dee89d9fc8ca73fdcdc0,9,0.29252362,0.8722564497497112,0.9499380859720502,0.5252165119817802,-6.0,-3.958117449354708,-4.011666445563746,1.2817273439523573
S018,757a4e3aa529fec601a5dee89d9fc8ca73fdcdc0,10,0.27099943,0.771736853132202,0.9504308390022675,0.3950636053104156,-6.0,-3.9960021987372,-3.969604766763732,1.2070230764088479
S020,757a4e3aa529fec601a5dee89d9fc8ca73fdcdc0,11,-0.19550768,0.4054779806659506,0.9479736575481257,0.2091268887481169,-6.0,-4.56071252342696,-4.579410312605421,1.17634637013114
S023,757a4e3aa529fec601a5dee89d9fc8ca73fdcdc0,12,0.424181,0.6480308219178083,0.9499503968253968,0.5805658513718015,-6.0,-4.023335913569332,-4.0402168991358804,1.2508176268966626
S024,757a4e3aa529fec601a5dee89d9fc8ca73fdcdc0,13,-0.4277688,0.7291174817313097,0.9500328731097962,0.26303615195614755,-6.0,-3.871619674218637,-3.8990929309436986,1.2533725187507299
S025,757a4e3aa529fec601a5dee89d9fc8ca73fdcdc0,14,1.1103927,0.6344111215245236,0.9499181669394435,0.5155881831349626,-6.0,-4.326985944312825,-4.32959864416099,1.295197004017985
S027,757a4e3aa529fec601a5dee89d9fc8ca73fdcdc0,15,-0.26327366,0.39554168524297817,0.95,0.5548049935264097,-6.0,-3.8471027543918215,-3.8591750751254734,1.2517476020085492
S028,757a4e3aa529fec601a5dee89d9fc8ca73fdcdc0,16,0.4163458,0.6652889565658763,0.9499193086574002,0.5172705925180244,-6.0,-4.015575762874654,-4.025114051703299,1.3018126713306426
S029,757a4e3aa529fec601a5dee89d9fc8ca73fdcdc0,17,0.5265652,0.5359157111868609,0.95,0.3513304412337241,-6.0,-3.980715240044045,-4.0084508856795065,1.2319150600892852
S031,757a4e3aa529fec601a5dee89d9fc8ca73fdcdc0,18,-0.16184464,0.6193583469276781,0.950094517958412,0.42723657219960853,-6.0,-4.112420049724988,-4.080595600773512,1.1466013508070485
S032,757a4e3aa529fec601a5dee89d9fc8ca73fdcdc0,19,-0.25128156,0.3963837158943265,0.9457288765088208,0.703762038951586,-6.0,-3.9259169638419933,-3.8339441131959875,1.2209902906401593
S033,757a4e3aa529fec601a5dee89d9fc8ca73fdcdc0,20,0.18466082,0.5728352157544164,0.9372403560830861,0.17608672476225218,-6.0,-4.0462071662752805,-3.951465554506046,1.1869368084166525
S034,757a4e3aa529fec601a5dee89d9fc8ca73fdcdc0,21,0.5655534,0.8677368002122579,0.9499462365591398,0.22244002800805435,-6.0,-4.76022231308886,-5.079627957056137,1.3378563997066597
S035,757a4e3aa529fec601a5dee89d9fc8ca73fdcdc0,22,0.100153,0.7417270721714466,0.8930963420917053,0.6248223873696849,-6.0,-3.9886350613028303,-3.963632718035158,1.3078824815618144
S039,757a4e3aa529fec601a5dee89d9fc8ca73fdcdc0,23,-0.1266993,0.7224779201393208,0.95,0.25743726596876765,-6.0,-4.211170009156505,-4.200798688482349,1.1988591590818582
S042,757a4e3aa529fec601a5dee89d9fc8ca73fdcdc0,24,0.2719649,0.6868034579731278,0.95009009009009,0.3338714189009547,-6.0,-4.250324017004893,-4.264517438400117,1.2343661399909902
S045,757a4e3aa529fec601a5dee89d9fc8ca73fdcdc0,25,0.17224613,0.44645186537959825,0.9500680272108843,0.5469353103689449,-6.0,-4.305673418860514,-4.2890108459861676,1.2295286121631435
S046,757a4e3aa529fec601a5dee89d9fc8ca73fdcdc0,26,0.3056115,0.6977042452225215,0.8697080291970803,0.28597407843817296,-6.0,-4.615195252399662,-4.996290669534867,1.3803507501688141
S048,757a4e3aa529fec601a5dee89d9fc8ca73fdcdc0,27,0.1849345,0.7430500397140588,0.948179946559201,0.19327710519506264,-6.0,-4.313299493639934,-4.318578884556258,1.2020294193348882
S049,757a4e3aa529fec601a5dee89d9fc8ca73fdcdc0,28,0.27803034,0.864355581127733,0.9500942605781315,0.6058405597256505,-6.0,-4.0781526518363895,-4.2020124642026255,1.3887979073998447
S050,757a4e3aa529fec601a5dee89d9fc8ca73fdcdc0,29,-1.4663074,0.7699208443271768,0.9499475890985325,0.5552520124360387,-6.0,-4.133526663027873,-4.114699971003621,1.4735958017455235
S051,757a4e3aa529fec601a5dee89d9fc8ca73fdcdc0,30,-5.5576005,0.511960542540074,0.9499231950844854,0.34215740961154406,-6.0,-4.20590209632008,-4.221681490028992,1.2084704955613887
S053,757a4e3aa529fec601a5dee89d9fc8ca73fdcdc0,31,-0.099705696,0.6634735526863806,0.9494713411240957,0.6007963237115056,-6.0,-4.090077232688197,-4.04717017625724,1.2778509755269143
S054,757a4e3aa529fec601a5dee89d9fc8ca73fdcdc0,32,-0.20415758,0.7457296622728337,0.9499479657069231,0.5105065188204427,-6.0,-3.9741140361984013,-4.014243194686999,1.3483976663711041
S056,757a4e3aa529fec601a5dee89d9fc8ca73fdcdc0,33,-0.8917208,0.6047405509288918,0.95,0.25894460857706497,-6.0,-4.101355821245378,-4.039067261955594,1.1922854705430468
S057,757a4e3aa529fec601a5dee89d9fc8ca73fdcdc0,34,0.23991005,0.42513328255902516,0.9500258397932817,0.24800720314248528,-6.0,-4.126329343822923,-4.103634040108378,1.1432315801546453
S061,757a4e3aa529fec601a5dee89d9fc8ca73fdcdc0,35,-0.186553,0.44334226988382486,0.9501146263182026,0.16929850723353998,-6.0,-4.096217623003696,-4.063802655110013,1.075064428671769
S062,757a4e3aa529fec601a5dee89d9fc8ca73fdcdc0,36,-0.16753703,0.5526103878674004,0.8915611814345992,0.47302792916124814,-6.0,-4.137740362705978,-4.126435956424672,1.310946102215835
S063,757a4e3aa529fec601a5dee89d9fc8ca73fdcdc0,37,1.6603544,0.6155431262879011,0.9500310366232154,0.2634167125546678,-6.0,-4.202722168483387,-4.182652473065948,1.2824654581823112
S064,757a4e3aa529fec601a5dee89d9fc8ca73fdcdc0,38,1.9136989,0.4212607767143874,0.9499926315272388,0.3321075540527216,-5.999999964633229,-3.982572037946751,-3.980362841337791,1.1284444143230579
S066,757a4e3aa529fec601a5dee89d9fc8ca73fdcdc0,39,-1.0023035,0.7031155888955812,0.9499633699633699,0.5884990476734262,-6.0,-3.9140000548563587,-3.974888815137051,1.362050244654671
S068,757a4e3aa529fec601a5dee89d9fc8ca73fdcdc0,40,0.09838429,0.6942518452247819,0.9499317871759891,0.3377873064002585,-6.0,-4.349747052328756,-4.4428684165780465,1.3493625497958883
S069,757a4e3aa529fec601a5dee89d9fc8ca73fdcdc0,41,-0.10042365,0.559924550203134,0.9482722731057452,0.35881508028959996,-6.0,-3.970202305183452,-3.9539567435653,1.210395019606351
S070,757a4e3aa529fec601a5dee89d9fc8ca73fdcdc0,42,0.30099195,0.49130109048530757,0.9510649449659313,0.5154253473454968,-6.0,-4.028719712625729,-3.998457171754561,1.2729129074770678
S071,757a4e3aa529fec601a5dee89d9fc8ca73fdcdc0,43,-3.1560254,0.5023399087731769,0.9499013806706115,0.6216630139545488,-6.0,-3.8757892795910407,-3.847276767620025,1.27241042990672
S072,757a4e3aa529fec601a5dee89d9fc8ca73fdcdc0,44,0.19176097,0.49741855082784403,0.9367231638418079,0.2641137555231423,-6.0,-3.8307464994703566,-3.8238263198970417,1.331517501896332
S073,757a4e3aa529fec601a5dee89d9fc8ca73fdcdc0,45,0.1956011,0.39680806383872325,0.9499254843517139,0.45741416004300234,-6.0,-4.029851395061606,-3.990465564997149,1.1701427979698287
S074,757a4e3aa529fec601a5dee89d9fc8ca73fdcdc0,46,0.09873447,0.737434046098306,0.95,0.6234912137715286,-6.0,-4.0931749214690205,-4.13111266053642,1.363561155426866
S076,757a4e3aa529fec601a5dee89d9fc8ca73fdcdc0,47,0.11406639,0.5080405739732805,0.9499129677980853,0.3104865487482205,-6.0,-4.441109772959357,-4.427523428992195,1.1550450487770696
S077,757a4e3aa529fec601a5dee89d9fc8ca73fdcdc0,48,-0.09041756,0.8296039603960396,0.9500909918107371,0.460335130662921,-6.0,-3.8668377595181025,-3.914361877586768,1.2427957932189695
S079,757a4e3aa529fec601a5dee89d9fc8ca73fdcdc0,49,-0.11925103,0.7684846085321192,0.9499773857982813,0.5432921368717664,-6.0,-4.000559322646707,-4.007863046912409,1.2643442834506042
S080,757a4e3aa529fec601a5dee89d9fc8ca73fdcdc0,50,0.20769063,0.8184408184408184,0.6551328502415459,0.1364761920385346,-6.0,-4.008608073009793,-3.995128991075326,1.211344400455476
S082,757a4e3aa529fec601a5dee89d9fc8ca73fdcdc0,51,0.41970214,0.5476156532896144,0.9504504504504504,0.2646463810383713,-6.0,-4.184411113081917,-4.148788496408908,1.2539526017229692
S083,757a4e3aa529fec601a5dee89d9fc8ca73fdcdc0,52,0.2782783,0.4708618847048469,0.8414950419527079,0.17951000798028324,-6.0,-4.3739495193504405,-4.334596657578892,1.261592524115724
S084,757a4e3aa529fec601a5dee89d9fc8ca73fdcdc0,53,-0.10330306,0.3970919023136247,0.950025920165889,0.3597073199211932,-6.0,-4.129409329646439,-4.089208312144203,1.1794973410848644
S086,757a4e3aa529fec601a5dee89d9fc8ca73fdcdc0,54,0.25881004,0.5130193511667616,0.9499165275459098,0.3838280673051482,-6.0,-4.236902122193293,-4.229956474723604,1.2347428283383177
S088,757a4e3aa529fec601a5dee89d9fc8ca73fdcdc0,55,-28.58625,0.5144581451893019,0.9500401284109149,0.46617068753887186,-6.0,-3.7602775788826706,-3.745091235379645,1.2018698492809734
S089,757a4e3aa529fec601a5dee89d9fc8ca73fdcdc0,56,-0.17022821,0.516053108026554,0.9427165354330709,0.4986468988595063,-6.0,-3.9120130493348935,-3.8655418262937937,1.2744782637338736
S090,757a4e3aa529fec601a5dee89d9fc8ca73fdcdc0,57,0.6887381,0.3003242109278154,0.9500477554918816,0.6634671886239885,-6.0,-3.8699347576450287,-3.827647828263361,1.276932297877629
S091,757a4e3aa529fec601a5dee89d9fc8ca73fdcdc0,58,-0.1225432,0.6307692307692307,0.9504216600088771,0.575181802678562,-6.0,-4.189769628308537,-4.264562654722784,1.2823036416198557
S093,757a4e3aa529fec601a5dee89d9fc8ca73fdcdc0,59,-3.832689e-05,0.7760621557828482,0.9509718172983479,0.5715239610524793,-6.0,-4.0596629980107535,-4.071617438736977,1.3532431311433935
S095,757a4e3aa529fec601a5dee89d9fc8ca73fdcdc0,60,0.4250125,0.4171175373134328,0.94994994994995,0.5141101161792831,-6.0,-3.9961552949508214,-3.9956020308799807,1.3516389753401117
S096,757a4e3aa529fec601a5dee89d9fc8ca73fdcdc0,61,-0.054725595,0.5166495699518662,0.9499252615844545,0.3571052573240431,-6.0,-4.029480758490703,-4.010750395945351,1.265967638857076
S098,757a4e3aa529fec601a5dee89d9fc8ca73fdcdc0,62,0.14834544,0.40441553996234814,0.9500242600679282,0.40791880942027375,-6.0,-4.160150892169328,-4.153938944737975,1.1881821699098623
S100,757a4e3aa529fec601a5dee89d9fc8ca73fdcdc0,63,-0.25803524,0.6450756570215025,0.9499388004895961,0.4143925706673045,-6.0,-4.223073062604073,-4.220903395978757,1.2132629649915396
S101,757a4e3aa529fec601a5dee89d9fc8ca73fdcdc0,64,-0.22425306,0.7593853514906147,0.5666210670314638,0.398354819491717,-6.0,-4.09528583300822,-4.123293314070608,1.268946155061859
