idno,experiment_hash,epoch_seconds,fold,logits_threshold,wake_acc,sleep_acc,max_X,min_X,mean_X,median_X,std_X
S003,e96073a799a1618afad02120a9e0e5e50467ca13,1743186304,0,0.3621646,0.16335374470089495,0.9429370629370629,1.0,0.0,0.2941112865253092,0.28989143279553875,0.19491537533561673
S004,e96073a799a1618afad02120a9e0e5e50467ca13,1743186304,1,0.3617943,0.06810681068106811,0.9365646258503402,1.0,0.0,0.3230599399162914,0.32174997401978617,0.2152547164023966
S005,e96073a799a1618afad02120a9e0e5e50467ca13,1743186304,2,0.36188626,0.08503857765850385,0.92703125,1.0,0.0,0.312149327866998,0.31722258401791836,0.20885174107264443
S006,e96073a799a1618afad02120a9e0e5e50467ca13,1743186304,3,0.36194074,0.09342447916666667,0.9359977324263039,1.0,0.0,0.3019432966597162,0.292378393618954,0.2010449453560845
S007,e96073a799a1618afad02120a9e0e5e50467ca13,1743186304,4,0.36227703,0.1392859026422657,0.9374149659863945,1.0,0.0,0.2885988880246774,0.29341511399168985,0.18490235965571825
S009,e96073a799a1618afad02120a9e0e5e50467ca13,1743186304,5,0.3616852,0.04799716412619638,0.9747147147147147,1.0,0.0,0.29810887079389903,0.30410069298222564,0.19584943267197052
S010,e96073a799a1618afad02120a9e0e5e50467ca13,1743186304,6,0.3618097,0.08514664143803216,0.9643283659587725,1.0,0.0,0.3280218147195448,0.32822512480140775,0.19232151455298505
S011,e96073a799a1618afad02120a9e0e5e50467ca13,1743186304,7,0.36183232,0.11226425622140386,0.9201993931512787,1.0,0.0,0.3101569301010766,0.32482001667357285,0.16794058897470793
S012,e96073a799a1618afad02120a9e0e5e50467ca13,1743186304,8,0.36178958,0.050431832202344234,0.9500798722044729,1.0,0.0,0.30639921525220093,0.31182212525351155,0.1763214337363638
S013,e96073a799a1618afad02120a9e0e5e50467ca13,1743186304,9,0.36172754,0.04887646266956612,0.9720071206052514,1.0,0.0,0.2978569574420343,0.30390010050827565,0.17970179042537424
S014,e96073a799a1618afad02120a9e0e5e50467ca13,1743186304,10,0.36179975,0.11978478383990938,0.9377703826955075,1.0,0.0,0.24053245447827046,0.238089468153456,0.201239472477965
S015,e96073a799a1618afad02120a9e0e5e50467ca13,1743186304,11,0.3621186,0.10550635348479014,0.9581195825225544,1.0,0.0,0.3121938575593528,0.304005288481203,0.19597335631120777
S018,e96073a799a1618afad02120a9e0e5e50467ca13,1743186304,12,0.36197457,0.13523989105384454,0.9272108843537415,1.0,0.0,0.3123467846564154,0.3164594164808093,0.18813400689303575
S020,e96073a799a1618afad02120a9e0e5e50467ca13,1743186304,13,0.36204073,0.1381310418904404,0.953242147922999,1.0,0.0,0.23149589926968023,0.22848786518648612,0.1892064868704846
S021,e96073a799a1618afad02120a9e0e5e50467ca13,1743186304,14,0.36176807,0.098490294751977,0.9508566978193146,1.0,0.0,0.30190250483834286,0.3131039259880522,0.1873534744806923
S023,e96073a799a1618afad02120a9e0e5e50467ca13,1743186304,15,0.36223307,0.12106164383561643,0.9547123015873016,1.0,0.0,0.300068612243553,0.2975054611241512,0.18988268981674894
S024,e96073a799a1618afad02120a9e0e5e50467ca13,1743186304,16,0.36180258,0.05564924114671164,0.9523339907955293,1.0,0.0,0.339153346470714,0.33477451279770504,0.19972533342277202
S025,e96073a799a1618afad02120a9e0e5e50467ca13,1743186304,17,0.36212462,0.22196188691034052,0.951063829787234,1.0,0.0,0.25661430154557097,0.2562132456886405,0.19866396591498467
S027,e96073a799a1618afad02120a9e0e5e50467ca13,1743186304,18,0.36189094,0.07837717342844405,0.9419753086419753,1.0,0.0,0.32801949458233876,0.32617947260564895,0.1907205826435264
S028,e96073a799a1618afad02120a9e0e5e50467ca13,1743186304,19,0.3620641,0.15974186063374665,0.9628819824040814,1.0,0.0,0.3027624889669836,0.3013041578350124,0.19862561453807354
S029,e96073a799a1618afad02120a9e0e5e50467ca13,1743186304,20,0.36193293,0.09073442826154322,0.9564613526570048,1.0,0.0,0.31578888654820214,0.3114476706626995,0.19266596163262786
S031,e96073a799a1618afad02120a9e0e5e50467ca13,1743186304,21,0.36189723,0.12311038607939097,0.9704683889939089,1.0,0.0,0.29356662374668846,0.29851592772001817,0.17832631153878203
S032,e96073a799a1618afad02120a9e0e5e50467ca13,1743186304,22,0.36179984,0.07893027284538762,0.9361652739090065,1.0,0.0,0.30907863587878875,0.3227838380975828,0.18195290736749786
S033,e96073a799a1618afad02120a9e0e5e50467ca13,1743186304,23,0.3617798,0.10618785597065354,0.9646884272997033,1.0,0.0,0.3135207108683056,0.32871830808402397,0.19048029639235528
S034,e96073a799a1618afad02120a9e0e5e50467ca13,1743186304,24,0.36208594,0.18333775537277794,0.9533870967741935,1.0,0.0,0.200349997535055,0.14873546560523387,0.21619287751739344
S035,e96073a799a1618afad02120a9e0e5e50467ca13,1743186304,25,0.36227626,0.30302552789158527,0.9616692426584235,1.0,0.0,0.3033487316805468,0.30711907257865684,0.1972526403257112
S039,e96073a799a1618afad02120a9e0e5e50467ca13,1743186304,26,0.36200655,0.15412364721980346,0.9454943132108486,1.0,0.0,0.2842575307634696,0.28590249231055537,0.19051656876841122
S042,e96073a799a1618afad02120a9e0e5e50467ca13,1743186304,27,0.36178446,0.0891573794396417,0.9707207207207207,1.0,0.0,0.2760284456683183,0.2737889055010037,0.19473447592396534
S043,e96073a799a1618afad02120a9e0e5e50467ca13,1743186304,28,0.36178333,0.07431703064020592,0.9506646971935008,1.0,0.0,0.29469983817773626,0.2994598272091276,0.19205600672119266
S044,e96073a799a1618afad02120a9e0e5e50467ca13,1743186304,29,0.3616994,0.07309006724727153,0.9495183044315992,1.0,0.0,0.29604782559551346,0.3175775101039718,0.18790260521282212
S045,e96073a799a1618afad02120a9e0e5e50467ca13,1743186304,30,0.3621881,0.12685885729193844,0.944625850340136,1.0,0.0,0.2591336483143068,0.26168269863637106,0.1880444798414622
S046,e96073a799a1618afad02120a9e0e5e50467ca13,1743186304,31,0.3627384,0.39906374246505066,0.9422141119221411,1.0,0.0,0.21872803946177125,0.15853165655247048,0.21803473471115623
S048,e96073a799a1618afad02120a9e0e5e50467ca13,1743186304,32,0.3618384,0.08419380460683082,0.9518594769810329,1.0,0.0,0.2732086281010974,0.27235500473466756,0.1946978766069258
S049,e96073a799a1618afad02120a9e0e5e50467ca13,1743186304,33,0.36253655,0.20684695051783658,0.9526078759949728,1.0,0.0,0.28989715766442314,0.2712120241221907,0.2094953759232289
S050,e96073a799a1618afad02120a9e0e5e50467ca13,1743186304,34,0.36190844,0.07799472295514512,0.9202830188679245,1.0,0.0,0.28589920085243736,0.2887849353359273,0.22571516893266608
S051,e96073a799a1618afad02120a9e0e5e50467ca13,1743186304,35,0.36192816,0.13958076448828607,0.9531490015360983,1.0,0.0,0.28294515939289616,0.2804567151365936,0.19058618970470154
S053,e96073a799a1618afad02120a9e0e5e50467ca13,1743186304,36,0.36221194,0.18508954602249064,0.9437395659432387,1.0,0.0,0.2897625441434955,0.2962728748172663,0.19386612698137917
S054,e96073a799a1618afad02120a9e0e5e50467ca13,1743186304,37,0.3618914,0.10864987130489041,0.9594628078695674,1.0,0.0,0.3108607177142022,0.3047026265177787,0.20690533504608866
S056,e96073a799a1618afad02120a9e0e5e50467ca13,1743186304,38,0.361925,0.09623460744536978,0.9464848484848485,1.0,0.0,0.30287422400619196,0.31280974985979315,0.1901973807012209
S057,e96073a799a1618afad02120a9e0e5e50467ca13,1743186304,39,0.36187857,0.08750952018278751,0.9610852713178295,1.0,0.0,0.2977902488766972,0.30139349062740567,0.1817107360299611
S061,e96073a799a1618afad02120a9e0e5e50467ca13,1743186304,40,0.3617597,0.06478999106344951,0.9712975699220541,1.0,0.0,0.3076010137712263,0.31283672230855447,0.17370774068199984
S062,e96073a799a1618afad02120a9e0e5e50467ca13,1743186304,41,0.36207414,0.16165615353643806,0.9500904159132008,1.0,0.0,0.28756935345273676,0.28931475234500104,0.20243637141397003
S063,e96073a799a1618afad02120a9e0e5e50467ca13,1743186304,42,0.36181843,0.08139534883720931,0.9516449410304159,1.0,0.0,0.2853326281996226,0.28851572317728424,0.20361055619983942
S064,e96073a799a1618afad02120a9e0e5e50467ca13,1743186304,43,0.36170405,0.04302776239816499,0.960652355455126,1.0,0.0,0.31679278257780874,0.3171366238949854,0.17720747086313035
S066,e96073a799a1618afad02120a9e0e5e50467ca13,1743186304,44,0.36241412,0.2926682363248097,0.9621245421245421,1.0,0.0,0.3147904184443494,0.30559879921102184,0.20555047007155708
S068,e96073a799a1618afad02120a9e0e5e50467ca13,1743186304,45,0.36178815,0.06318496980541266,0.9534788540245566,1.0,0.0,0.25981989101448305,0.24515757736336535,0.2124499451931559
S069,e96073a799a1618afad02120a9e0e5e50467ca13,1743186304,46,0.3618701,0.08720255368543238,0.9505620316402997,1.0,0.0,0.3180514040444365,0.32059501087131315,0.1896639511570489
S070,e96073a799a1618afad02120a9e0e5e50467ca13,1743186304,47,0.3619765,0.10938150337134771,0.920760470767618,1.0,0.0,0.3015259709740024,0.30615310854055633,0.1947092844355349
S071,e96073a799a1618afad02120a9e0e5e50467ca13,1743186304,48,0.36203265,0.11924649013684023,0.9513477975016437,1.0,0.0,0.31886806891339586,0.3231447147098326,0.1910131191329967
S072,e96073a799a1618afad02120a9e0e5e50467ca13,1743186304,49,0.3618297,0.05363183193875734,0.9311864406779661,1.0,0.0,0.34435276263421544,0.34544822287181864,0.21137600446693142
S073,e96073a799a1618afad02120a9e0e5e50467ca13,1743186304,50,0.36202988,0.14850902981940362,0.949826130153999,1.0,0.0,0.304745583521635,0.3108372408082679,0.18100138545859526
S074,e96073a799a1618afad02120a9e0e5e50467ca13,1743186304,51,0.3620478,0.09872257706192725,0.9358156028368795,1.0,0.0,0.2881315345379292,0.28239934784776033,0.20604028437783817
S076,e96073a799a1618afad02120a9e0e5e50467ca13,1743186304,52,0.36190537,0.14646214745175656,0.9503046127067015,1.0,0.0,0.24691287262998302,0.24906457073578192,0.18294859001468852
S077,e96073a799a1618afad02120a9e0e5e50467ca13,1743186304,53,0.36205912,0.10544554455445544,0.955277525022748,1.0,0.0,0.32910048454471247,0.32176681740164303,0.19174147572746011
S078,e96073a799a1618afad02120a9e0e5e50467ca13,1743186304,54,0.3617046,0.053359515068727055,0.9483309143686502,1.0,0.0,0.3347473388555396,0.3459434166295969,0.18241744172742033
S079,e96073a799a1618afad02120a9e0e5e50467ca13,1743186304,55,0.36189327,0.07601702464614471,0.9508367254635911,1.0,0.0,0.30449231987954695,0.3033781755214574,0.1925509825709603
S080,e96073a799a1618afad02120a9e0e5e50467ca13,1743186304,56,0.3617849,0.10146335146335146,0.9550724637681159,1.0,0.0,0.3213546470813761,0.3235241697222275,0.19549276039614602
S082,e96073a799a1618afad02120a9e0e5e50467ca13,1743186304,57,0.36193258,0.1280918098225105,0.9588588588588589,1.0,0.0,0.290356404291766,0.29605424451751794,0.20053464167866838
S083,e96073a799a1618afad02120a9e0e5e50467ca13,1743186304,58,0.3617628,0.07292386999434211,0.9478260869565217,1.0,0.0,0.26247258375391347,0.26882349482906787,0.20364644339928098
S084,e96073a799a1618afad02120a9e0e5e50467ca13,1743186304,59,0.36178318,0.04056876606683805,0.9489891135303266,1.0,0.0,0.29419939869614053,0.30052217957743155,0.18550649857547286
S085,e96073a799a1618afad02120a9e0e5e50467ca13,1743186304,60,0.36166477,0.05151062239777944,0.9285592497868713,1.0,0.0,0.31514537949663574,0.33439042432294097,0.18619763144882903
S086,e96073a799a1618afad02120a9e0e5e50467ca13,1743186304,61,0.36197513,0.1400113830392715,0.9524763494713411,1.0,0.0,0.27724687915039026,0.2783409035662988,0.19415762264931188
S088,e96073a799a1618afad02120a9e0e5e50467ca13,1743186304,62,0.3618613,0.06421500521014241,0.9548555377207063,1.0,0.0,0.3457947367603469,0.348138510691397,0.18556141525779146
S089,e96073a799a1618afad02120a9e0e5e50467ca13,1743186304,63,0.36192265,0.09812914906457454,0.9307086614173228,1.0,0.0,0.3204935699217681,0.32762530335900975,0.19562852449328733
S090,e96073a799a1618afad02120a9e0e5e50467ca13,1743186304,64,0.36179355,0.053780871555258895,0.9434574976122254,1.0,0.0,0.31836041912708374,0.3246783657139992,0.19085742724851953
S091,e96073a799a1618afad02120a9e0e5e50467ca13,1743186304,65,0.36195713,0.09960552268244575,0.9578339991122947,1.0,0.0,0.2746420149618526,0.2632934611897836,0.19455056301017756
S092,e96073a799a1618afad02120a9e0e5e50467ca13,1743186304,66,0.36183935,0.12991872016513997,0.9338040222507489,1.0,0.0,0.27535651822448254,0.28961138949024845,0.18402745071977225
S093,e96073a799a1618afad02120a9e0e5e50467ca13,1743186304,67,0.36194775,0.08398898505114083,0.9368804664723032,1.0,0.0,0.2955851750524596,0.29376460347461086,0.20614758042086906
S095,e96073a799a1618afad02120a9e0e5e50467ca13,1743186304,68,0.36185896,0.05652985074626866,0.963963963963964,1.0,0.0,0.30888438453853084,0.30897158295144467,0.20834448740406702
S096,e96073a799a1618afad02120a9e0e5e50467ca13,1743186304,69,0.36200738,0.1900497119861122,0.9391629297458894,1.0,0.0,0.3087576632794303,0.3116904165606666,0.1983683761281261
S098,e96073a799a1618afad02120a9e0e5e50467ca13,1743186304,70,0.36179823,0.05579325688858463,0.9606501698204755,1.0,0.0,0.2876952401665229,0.28866757715861957,0.18579165355045535
S100,e96073a799a1618afad02120a9e0e5e50467ca13,1743186304,71,0.36193776,0.13100610565436688,0.9307221542227662,1.0,0.0,0.27757421762908524,0.27791411698150514,0.18952106966210283
S101,e96073a799a1618afad02120a9e0e5e50467ca13,1743186304,72,0.36187088,0.08437615016562384,0.9648882808937529,1.0,0.0,0.2993448122175393,0.2949456976943954,0.19942015805998514
S102,e96073a799a1618afad02120a9e0e5e50467ca13,1743186304,73,0.36176425,0.10198711550675982,0.9284552845528455,1.0,0.0,0.2932636465255527,0.30851861255624813,0.1898049605046829
S003,76d77bb2ac662165c22094594130634a8a4f5828,1743186910,0,0.46086735,0.7156853509185115,0.9500699300699301,3.621510966537487,-1.5089166736932738,7.884976239317405e-16,-0.02164965421294343,0.9999992291278015
S004,76d77bb2ac662165c22094594130634a8a4f5828,1743186910,1,0.3207779,0.2490999099909991,0.9501133786848073,3.1448303997710636,-1.5008252279697165,5.266733916031702e-16,-0.006085650439247318,0.9999992846525392
S005,76d77bb2ac662165c22094594130634a8a4f5828,1743186910,2,0.46439654,0.7603991949010399,0.9500520833333334,3.293485320223448,-1.4945965319181778,1.6759775795974525e-15,0.0242911657074895,0.9999992312181109
S006,76d77bb2ac662165c22094594130634a8a4f5828,1743186910,3,0.4141078,0.4546875,0.9499433106575964,3.472139860982534,-1.5018684743975776,6.04985389205939e-17,-0.04757590745185317,0.9999992339872037
S007,76d77bb2ac662165c22094594130634a8a4f5828,1743186910,4,0.45018303,0.31369653499288014,0.9500850340136054,3.847438730121349,-1.5608164234843311,-1.1333392957791257e-15,0.02604737890702359,0.9999991395218889
S009,76d77bb2ac662165c22094594130634a8a4f5828,1743186910,5,0.4021411,0.373697270471464,0.9499099099099099,3.5838272056314744,-1.5221316197565746,-6.404442550732871e-16,0.030593997382641826,0.9999991391986908
S010,76d77bb2ac662165c22094594130634a8a4f5828,1743186910,6,0.45651352,0.5004002619896659,0.9499974038112051,3.4940325854348036,-1.7055894588084073,-2.4014558921535745e-16,0.0010571355834712195,0.9999991866519429
S011,76d77bb2ac662165c22094594130634a8a4f5828,1743186910,7,0.40518832,0.460328088382993,0.9500216731686173,4.0,-1.8468235114612999,-6.697855737781759e-05,0.08731106870271324,0.9997277182078731
S012,76d77bb2ac662165c22094594130634a8a4f5828,1743186910,8,0.41391754,0.35001542257865514,0.9500299520766773,3.9337257583805063,-1.7377294142240804,6.300880815705604e-16,0.030755790977503,0.9999991074051576
S013,76d77bb2ac662165c22094594130634a8a4f5828,1743186910,9,0.4022195,0.4842083462773118,0.949799732977303,3.9072644554307554,-1.6575054256411537,-3.0538318035139784e-15,0.03362870052202464,0.9999991109338188
S014,76d77bb2ac662165c22094594130634a8a4f5828,1743186910,10,0.36264968,0.39371342269208986,0.9501386577925679,3.773946056411847,-1.1952538503718846,-1.234842399968122e-15,-0.01213968741754283,0.9999991678787112
S015,76d77bb2ac662165c22094594130634a8a4f5828,1743186910,11,0.49344718,0.7730073161340008,0.9499380859720502,3.509689371937692,-1.593041114713275,3.176320338391056e-15,-0.04178406107711838,0.9999992198205125
S018,76d77bb2ac662165c22094594130634a8a4f5828,1743186910,12,0.45073944,0.6456107270060758,0.9500226757369614,3.6551214584171,-1.6602342715649498,-2.8693112598061673e-15,0.021860101133095847,0.9999991715433798
S020,76d77bb2ac662165c22094594130634a8a4f5828,1743186910,13,0.37533376,0.3949516648764769,0.9500506585612969,4.0,-1.223508275585095,-3.704959923471319e-05,-0.01589814163292519,0.9998498602650654
S021,76d77bb2ac662165c22094594130634a8a4f5828,1743186910,14,0.40317422,0.23744479819246175,0.9499221183800624,3.726095209037216,-1.611404545455343,7.202687161490707e-16,0.059787582636542096,0.9999991240440236
S023,76d77bb2ac662165c22094594130634a8a4f5828,1743186910,15,0.47250336,0.5283390410958904,0.9500496031746032,3.686122357224998,-1.5802829243561831,-2.8518339041179956e-16,-0.013498592592708403,0.9999992005317679
S024,76d77bb2ac662165c22094594130634a8a4f5828,1743186910,16,0.50261027,0.6025295109612142,0.9500986193293885,3.3087746805013594,-1.698097432462634,-3.7343143277479085e-16,-0.021924260204697118,0.9999992021669126
S025,76d77bb2ac662165c22094594130634a8a4f5828,1743186910,17,0.41462386,0.578100593564511,0.9499727223131479,3.7419223012019907,-1.29169928848128,-1.1235923089530299e-15,-0.002018763420114872,0.9999992279217681
S027,76d77bb2ac662165c22094594130634a8a4f5828,1743186910,18,0.4266595,0.27588051716451184,0.9497942386831276,3.5233741386308197,-1.719894245235331,4.1840621465985735e-16,-0.009647729055996826,0.9999992011273329
S028,76d77bb2ac662165c22094594130634a8a4f5828,1743186910,19,0.46965393,0.5979261837430208,0.9500234265188193,3.510307455029715,-1.5242860650878358,1.225263464639028e-15,-0.007342104467206742,0.9999992318827515
S029,76d77bb2ac662165c22094594130634a8a4f5828,1743186910,20,0.43049854,0.4423923148435079,0.95,3.5512788677794993,-1.639047331196638,-1.5670802095403836e-15,-0.022532326545937148,0.9999991883127598
S031,76d77bb2ac662165c22094594130634a8a4f5828,1743186910,21,0.41235274,0.49766177270255574,0.9501365259399286,3.9614611778266715,-1.6462313675580733,5.335635029802379e-18,0.0277541749960838,0.9999991278619854
S032,76d77bb2ac662165c22094594130634a8a4f5828,1743186910,22,0.3546493,0.2832394976180165,0.9499071494893222,3.797250663670954,-1.6986724049415038,6.211183329180973e-16,0.07532273703427037,0.9999991810021374
S033,76d77bb2ac662165c22094594130634a8a4f5828,1743186910,23,0.39913,0.4762042668211217,0.95,3.6039355451849597,-1.6459468653149438,-9.404161772212318e-16,0.07978559830466178,0.9999991575770337
S034,76d77bb2ac662165c22094594130634a8a4f5828,1743186910,24,0.37235022,0.7387901300079597,0.9500537634408602,3.6987777484236983,-0.9267180772776752,1.8401638921680643e-15,-0.23874280198691564,0.9999992525030716
S035,76d77bb2ac662165c22094594130634a8a4f5828,1743186910,25,0.48939845,0.6810589347620548,0.9499227202472952,3.531768875275207,-1.5378678797040368,6.031368227389208e-16,0.019114258795859658,0.9999992354119263
S039,76d77bb2ac662165c22094594130634a8a4f5828,1743186910,26,0.42281896,0.6140067172533897,0.9499125109361329,3.756848429932215,-1.4920345012980352,-1.5643913855883572e-15,0.008634210587026719,0.9999991659250679
S042,76d77bb2ac662165c22094594130634a8a4f5828,1743186910,27,0.40609378,0.5572336214977607,0.9498648648648649,3.7177339266130662,-1.417459444409652,3.599663065775337e-16,-0.011500471821332396,0.9999991898743298
S043,76d77bb2ac662165c22094594130634a8a4f5828,1743186910,28,0.4113934,0.40106285809183756,0.9500246184145741,3.672363951331182,-1.5344460710045558,1.762608126301803e-15,0.024784358594858176,0.9999991406456858
S044,76d77bb2ac662165c22094594130634a8a4f5828,1743186910,29,0.36884382,0.26645353323779075,0.9499036608863198,3.746363904811264,-1.5755372711891193,-1.4855752334945833e-16,0.11457885330448171,0.9999990956556535
S045,76d77bb2ac662165c22094594130634a8a4f5828,1743186910,30,0.4125582,0.3481607096269241,0.9499319727891157,3.9398431144665924,-1.3780433106656413,7.421154107592851e-16,0.013555560104685461,0.9999991866699637
S046,76d77bb2ac662165c22094594130634a8a4f5828,1743186910,31,0.64260256,0.6847505450814416,0.95,3.5832428058544616,-1.0031790636644675,-6.122116035770099e-16,-0.2760860070411531,0.9999992755940048
S048,76d77bb2ac662165c22094594130634a8a4f5828,1743186910,32,0.39443994,0.5722795869737887,0.9500197117701169,3.7329157354502076,-1.40324283739738,-2.640089017895917e-16,-0.004384344971471733,0.9999991680498839
S049,76d77bb2ac662165c22094594130634a8a4f5828,1743186910,33,0.51872563,0.7043296892980437,0.9499895266024299,3.3895847481811656,-1.3837868623768053,-5.605357682490026e-16,-0.08919108598997638,0.9999992799751108
S050,76d77bb2ac662165c22094594130634a8a4f5828,1743186910,34,0.4540171,0.6565699208443272,0.9500524109014675,3.16372319110907,-1.2666362131734537,1.794789987977619e-16,0.012784840907192153,0.9999993213700554
S051,76d77bb2ac662165c22094594130634a8a4f5828,1743186910,35,0.42266384,0.5456637895602138,0.9500256016385049,3.76236204921258,-1.4846035050916446,1.4687700837944184e-16,-0.01305678129662558,0.9999991725066599
S053,76d77bb2ac662165c22094594130634a8a4f5828,1743186910,36,0.45619446,0.5811745106205748,0.9499721758486366,3.663543039221119,-1.4946516026020211,-1.3877692622396232e-15,0.03358155279793992,0.9999992174263542
S054,76d77bb2ac662165c22094594130634a8a4f5828,1743186910,37,0.46452197,0.6516652367210046,0.9499975221765201,3.3306959970689345,-1.5024285724975968,5.91436237260181e-17,-0.02976282186306614,0.9999992583856462
S056,76d77bb2ac662165c22094594130634a8a4f5828,1743186910,38,0.4491222,0.4550501815075806,0.9501818181818181,3.665272301522325,-1.592419248180006,-4.134066826240583e-16,0.052237930322328485,0.9999991612883261
S057,76d77bb2ac662165c22094594130634a8a4f5828,1743186910,39,0.40029138,0.3746382330540746,0.949922480620155,3.864433947506451,-1.6388133960752032,-2.1787876586263885e-16,0.019829530592869272,0.9999991253571509
S061,76d77bb2ac662165c22094594130634a8a4f5828,1743186910,40,0.41301614,0.38239499553172474,0.9500687757909216,3.985995900251888,-1.7707945912565528,-7.684994957885441e-16,0.030140877124000064,0.9999990698595509
S062,76d77bb2ac662165c22094594130634a8a4f5828,1743186910,41,0.44825548,0.5085223459938263,0.9500904159132008,3.5192791597967905,-1.4205408449330583,-9.269720574610999e-16,0.008621956364239569,0.9999992371956504
S063,76d77bb2ac662165c22094594130634a8a4f5828,1743186910,42,0.41627526,0.5697674418604651,0.9500310366232154,3.509969364596768,-1.4013635198953749,1.0941832969777413e-15,0.015633239038253286,0.9999992202940071
S064,76d77bb2ac662165c22094594130634a8a4f5828,1743186910,43,0.41216955,0.35102428221150045,0.9502873704376873,3.85540524162745,-1.7876926989567812,-4.425005980424689e-16,0.0019403302288468994,0.9999991138838712
S066,76d77bb2ac662165c22094594130634a8a4f5828,1743186910,44,0.55126786,0.6370804358539123,0.9497435897435897,3.3335320433538973,-1.531449610559473,-1.4889362634346165e-16,-0.04471705893989615,0.9999992658513946
S068,76d77bb2ac662165c22094594130634a8a4f5828,1743186910,45,0.38410085,0.6206665175575934,0.9499317871759891,3.484018599216151,-1.2229690068022134,1.1654371317064408e-15,-0.06901532863136427,0.9999992589234661
S069,76d77bb2ac662165c22094594130634a8a4f5828,1743186910,46,0.44375813,0.477655252466628,0.9499375520399667,3.5955595589263623,-1.676919305683914,6.500231904023811e-16,0.013411113234586089,0.9999991738540163
S070,76d77bb2ac662165c22094594130634a8a4f5828,1743186910,47,0.43827027,0.480645966869225,0.9499690284461809,3.587263351864529,-1.548594536605382,-1.3039955909843009e-15,0.023764320972219144,0.9999992144265741
S071,76d77bb2ac662165c22094594130634a8a4f5828,1743186910,48,0.46280444,0.3974290622593448,0.9500328731097962,3.5658880337839225,-1.669350355488606,2.668489720889196e-15,0.02238926025082854,0.999999214139751
S072,76d77bb2ac662165c22094594130634a8a4f5828,1743186910,49,0.4840573,0.483799181057504,0.9500564971751413,3.1018030955575844,-1.6290993147382342,7.132105532750014e-16,0.005182515478459861,0.9999992490113055
S073,76d77bb2ac662165c22094594130634a8a4f5828,1743186910,50,0.41830763,0.34750104997900044,0.9499751614505713,3.8411519368360505,-1.6836629306371143,-1.0301556766201128e-16,0.033655278744740474,0.9999991454148883
S074,76d77bb2ac662165c22094594130634a8a4f5828,1743186910,51,0.45739204,0.6788392113301861,0.9500394011032309,3.4549939859706913,-1.3984222750348734,-4.999532035799079e-16,-0.027820688093186694,0.9999992666216104
S076,76d77bb2ac662165c22094594130634a8a4f5828,1743186910,52,0.36827922,0.37617516081147945,0.9500870322019147,4.0,-1.3496286516472806,-7.9638818781662e-05,0.01176120702962809,0.9996763123552017
S077,76d77bb2ac662165c22094594130634a8a4f5828,1743186910,53,0.49689752,0.7921782178217822,0.95,3.498976802472671,-1.7163747097402817,-3.761832760381929e-16,-0.03824765202467359,0.9999991953891524
S078,76d77bb2ac662165c22094594130634a8a4f5828,1743186910,54,0.42399985,0.4184239733629301,0.9499274310595065,3.646866422688465,-1.8350604235936916,9.237790790180685e-16,0.06137607932266864,0.9999990710356566
S079,76d77bb2ac662165c22094594130634a8a4f5828,1743186910,55,0.44669825,0.6190240522617044,0.9500226142017186,3.6120674159130846,-1.58135822000156,1.5344782191220634e-15,-0.005786225871410576,0.9999992091045792
S080,76d77bb2ac662165c22094594130634a8a4f5828,1743186910,56,0.43764263,0.5794483294483295,0.9500603864734299,3.471457415392599,-1.643817301310371,-1.3889456227186348e-15,0.011097704312059763,0.9999991745528775
S082,76d77bb2ac662165c22094594130634a8a4f5828,1743186910,57,0.44781876,0.404055884239789,0.9504504504504504,3.5387553184519,-1.4479102977158498,1.820165764024868e-15,0.02841322394017655,0.9999992025095358
S083,76d77bb2ac662165c22094594130634a8a4f5828,1743186910,58,0.3770863,0.307348965864085,0.9501144164759725,3.621604283132721,-1.288863047785212,9.60918459855433e-16,0.031185941356111788,0.9999992073697975
S084,76d77bb2ac662165c22094594130634a8a4f5828,1743186910,59,0.41142875,0.3084029562982005,0.950025920165889,3.804718477961003,-1.5859236820660163,-2.7009236598105143e-15,0.03408384918729716,0.9999991521799361
S085,76d77bb2ac662165c22094594130634a8a4f5828,1743186910,60,0.38267985,0.13681007793316963,0.9499573742540495,3.6781025717801596,-1.6925300583636993,1.8223504334858896e-15,0.1033580657127381,0.9999990751145822
S086,76d77bb2ac662165c22094594130634a8a4f5828,1743186910,61,0.42160207,0.4381047239612977,0.9500834724540902,3.7225040439849626,-1.4279462779854064,7.706841652495656e-16,0.005634718405160815,0.9999991900871503
S088,76d77bb2ac662165c22094594130634a8a4f5828,1743186910,62,0.42148036,0.2905522750955193,0.9500401284109149,3.5255428399127045,-1.8635040510494063,2.3645685885617125e-15,0.012630707616246305,0.9999991679775305
S089,76d77bb2ac662165c22094594130634a8a4f5828,1743186910,63,0.4351337,0.4672902836451418,0.9499343832020998,3.4734499924616005,-1.6382749871853204,-2.230379468205895e-15,0.036455459959330264,0.9999992153838068
S090,76d77bb2ac662165c22094594130634a8a4f5828,1743186910,64,0.429336,0.25541146180985985,0.9499522445081184,3.5714567513146798,-1.6680522964742217,3.4148064190735223e-16,0.033102938305590905,0.9999992169063302
S091,76d77bb2ac662165c22094594130634a8a4f5828,1743186910,65,0.42091334,0.5456607495069034,0.9501109631602308,3.7283748150675526,-1.411673122602109,1.877135221508427e-15,-0.058332110411654856,0.9999992201729347
S092,76d77bb2ac662165c22094594130634a8a4f5828,1743186910,66,0.3624015,0.25661205005805704,0.9502353444587077,3.937688802977294,-1.4962782470390672,-3.068620335250124e-16,0.07746050076039762,0.9999991035097522
S093,76d77bb2ac662165c22094594130634a8a4f5828,1743186910,67,0.40502456,0.676829268292683,0.9500971817298348,3.417038914387998,-1.4338512051413215,-1.20509728499883e-15,-0.008831392678883365,0.9999992610284694
S095,76d77bb2ac662165c22094594130634a8a4f5828,1743186910,68,0.42048287,0.3895055970149254,0.94994994994995,3.3171748998049027,-1.482564573003815,-2.0272052083309006e-15,0.00041852966442686016,0.999999260135399
S096,76d77bb2ac662165c22094594130634a8a4f5828,1743186910,69,0.45010263,0.4561666535153476,0.9500747384155456,3.484637038492768,-1.556485088118829,3.3828766346432087e-16,0.01478436745793307,0.9999992101195083
S098,76d77bb2ac662165c22094594130634a8a4f5828,1743186910,70,0.376096,0.2945404757829882,0.9499757399320718,3.8338867581972456,-1.5484818210798803,-1.2044250790108235e-15,0.005233476074728899,0.9999991583619124
S100,76d77bb2ac662165c22094594130634a8a4f5828,1743186910,71,0.4050688,0.5625165914520839,0.9501427988576091,3.8118462934350195,-1.4646075464667079,-3.2067586657854798e-15,0.0017934632432525883,0.9999991757608854
S101,76d77bb2ac662165c22094594130634a8a4f5828,1743186910,72,0.4485401,0.6337872653662128,0.9498860009119927,3.513459433683668,-1.501074812189247,-3.0249269460296947e-18,-0.022059510427821217,0.9999992119091852
S102,76d77bb2ac662165c22094594130634a8a4f5828,1743186910,73,0.37438434,0.19998185282642228,0.9499491869918699,3.723484052253171,-1.5450776029494078,2.19424839635054e-15,0.0803717290807419,0.9999991368822121
S003,41c37ac25c15e31d9602e6377da14e88f13c378e,1743187645,0,0.83092207,0.6680169571361281,0.95002331002331,3.3330032682298594,-1.510519862573964,1.116366094581959e-15,-0.02129562488190037,0.999999228113347
S004,41c37ac25c15e31d9602e6377da14e88f13c378e,1743187645,1,0.6163989,0.3169066906690669,0.9500566893424036,2.9009541246187966,-1.5019375994798074,-5.08523829926992e-16,-0.005772667498980472,0.9999992839703982
S005,41c37ac25c15e31d9602e6377da14e88f13c378e,1743187645,2,0.82991624,0.7130157665213016,0.9500520833333334,2.9576864857923684,-1.496181035028633,-3.9845009939091145e-16,0.024763319166978486,0.9999992301771384
S006,41c37ac25c15e31d9602e6377da14e88f13c378e,1743187645,3,0.8272847,0.4983723958333333,0.9500566893424036,3.183346223156406,-1.503394342218999,1.814367987378311e-15,-0.047249550800329776,0.9999992330115901
S007,41c37ac25c15e31d9602e6377da14e88f13c378e,1743187645,4,0.81626636,0.29455197510679815,0.9500850340136054,3.495147728001396,-1.5629750919523135,-2.7785634514252765e-15,0.02655442878674799,0.999999138076401
S009,41c37ac25c15e31d9602e6377da14e88f13c378e,1743187645,5,0.7207383,0.3506557958170861,0.9500300300300301,3.2269455271924063,-1.5240692715682285,2.0021655352776546e-15,0.03111347128213153,0.9999991378365074
S010,41c37ac25c15e31d9602e6377da14e88f13c378e,1743187645,6,0.84289527,0.5032384833709337,0.9500493275871021,3.2194292717699193,-1.7072962559194096,5.811220766317047e-16,0.0014242832524554356,0.9999991856635486
S011,41c37ac25c15e31d9602e6377da14e88f13c378e,1743187645,7,0.7260869,0.41167280437451176,0.9500216731686173,3.5833049976002442,-1.851171899151273,-2.1678643113212813e-16,0.08827831298478184,0.9999990240955736
S012,41c37ac25c15e31d9602e6377da14e88f13c378e,1743187645,8,0.73488677,0.3281924737816163,0.9500299520766773,3.541024326608531,-1.7405878950789044,-6.627740977373812e-16,0.031344295813075136,0.9999991056653851
S013,41c37ac25c15e31d9602e6377da14e88f13c378e,1743187645,9,0.7152227,0.4315004659832246,0.9500667556742323,3.5311314447431954,-1.660140261121761,4.2987572933021994e-16,0.034210552351207485,0.9999991092427367
S014,41c37ac25c15e31d9602e6377da14e88f13c378e,1743187645,10,0.6296315,0.34198602982820464,0.9499722684414864,3.3583321955548446,-1.1970458516032745,2.4535518562240858e-17,-0.011603555769496537,0.9999991662412621
S015,41c37ac25c15e31d9602e6377da14e88f13c378e,1743187645,11,0.8718573,0.7552945706584521,0.9499380859720502,3.205700010434561,-1.5947920592435447,2.6752537936435122e-15,-0.04143237782529286,0.9999992187630303
S018,41c37ac25c15e31d9602e6377da14e88f13c378e,1743187645,12,0.8241954,0.6354494028912634,0.9499773242630386,3.3113020787806406,-1.6623613135503237,-1.891587650250569e-15,0.022345814877115677,0.9999991702565586
S020,41c37ac25c15e31d9602e6377da14e88f13c378e,1743187645,13,0.6646811,0.3741138560687433,0.95,3.672248973927401,-1.2254716928132579,-2.979721093336251e-15,-0.015395932046242622,0.9999991481877056
S021,41c37ac25c15e31d9602e6377da14e88f13c378e,1743187645,14,0.71983343,0.20334805381534354,0.95,3.336899617421701,-1.6137718282914206,3.340023502907788e-16,0.0604080728454256,0.9999991224779812
S023,41c37ac25c15e31d9602e6377da14e88f13c378e,1743187645,15,0.8532911,0.5228595890410959,0.9499007936507936,3.368874263188136,-1.582159684205386,2.339276838262964e-16,-0.013102181106245413,0.9999991993718577
S024,41c37ac25c15e31d9602e6377da14e88f13c378e,1743187645,16,0.8864381,0.5935919055649241,0.9500328731097962,3.0076796235547407,-1.6998244940284801,-3.898584666067021e-16,-0.021550028378115017,0.9999992011667294
S025,41c37ac25c15e31d9602e6377da14e88f13c378e,1743187645,17,0.7586938,0.5247578881599501,0.9500818330605565,3.4563638379792616,-1.2930382553076245,2.064344589168265e-15,-0.0016495547514620286,0.9999992268991545
S027,41c37ac25c15e31d9602e6377da14e88f13c378e,1743187645,18,0.80719995,0.26223807400802496,0.9498971193415637,3.2714676168122847,-1.7214993460852894,-2.553500484065817e-15,-0.009323367295301619,0.9999992002260631
S028,41c37ac25c15e31d9602e6377da14e88f13c378e,1743187645,19,0.8514789,0.5772605322311652,0.9499713675881097,3.204809608305956,-1.525934647446681,-5.208756149566132e-16,-0.006945802212439889,0.9999992308473072
S029,41c37ac25c15e31d9602e6377da14e88f13c378e,1743187645,20,0.8308955,0.458630306786489,0.9500603864734299,3.2609327553392866,-1.6407905279044357,-1.9362473355787576e-15,-0.022176075117639155,0.9999991872585812
S031,41c37ac25c15e31d9602e6377da14e88f13c378e,1743187645,21,0.7525606,0.48548123980424146,0.9500525099768956,3.557444295964433,-1.6490074051557877,4.605451275330211e-16,0.028354002029827345,0.9999991261031761
S032,41c37ac25c15e31d9602e6377da14e88f13c378e,1743187645,22,0.701714,0.3201602425292334,0.9499071494893222,3.4208753298378642,-1.7011944809637285,-2.9980387065094307e-16,0.07595623862716504,0.9999991795453065
S033,41c37ac25c15e31d9602e6377da14e88f13c378e,1743187645,23,0.7655828,0.5247610773240661,0.9499505440158259,3.270446391228208,-1.6479963008351342,-3.295489856202351e-15,0.08035338520485827,0.9999991562994267
S034,41c37ac25c15e31d9602e6377da14e88f13c378e,1743187645,24,0.6609747,0.7349429556911647,0.9499462365591398,3.334357955936208,-0.9277670710726377,9.074780838089084e-17,-0.2386615214959131,0.9999992512750091
S035,41c37ac25c15e31d9602e6377da14e88f13c378e,1743187645,25,0.88143486,0.6364639142767098,0.9500257599175682,3.277428486527908,-1.5392999622476229,-2.6720188023262303e-17,0.019478357601050357,0.9999992345298738
S039,41c37ac25c15e31d9602e6377da14e88f13c378e,1743187645,26,0.76923716,0.5880084587635278,0.9500437445319335,3.44883238632555,-1.4938194292526241,1.5143120394818655e-15,0.009060386469842628,0.9999991646961315
S042,41c37ac25c15e31d9602e6377da14e88f13c378e,1743187645,27,0.7300695,0.504322466409749,0.95009009009009,3.3747471229892287,-1.4192803496458823,3.661506016671944e-15,-0.011059732335246023,0.9999991885711514
S043,41c37ac25c15e31d9602e6377da14e88f13c378e,1743187645,28,0.7457341,0.40247446649505936,0.9500246184145741,3.2911232316178975,-1.5365853309820399,4.910464742388204e-16,0.025328443058231946,0.9999991391667874
S044,41c37ac25c15e31d9602e6377da14e88f13c378e,1743187645,29,0.6624676,0.23723955462462792,0.9500963391136802,3.159647075751668,-1.5788620127091242,2.1174488622207864e-17,0.11564569053954728,0.9999990933058154
S045,41c37ac25c15e31d9602e6377da14e88f13c378e,1743187645,30,0.75417095,0.3426167492825463,0.9499319727891157,3.561671063202005,-1.3801122296639405,-1.1138453221269343e-15,0.014085152474232058,0.9999991851512448
S046,41c37ac25c15e31d9602e6377da14e88f13c378e,1743187645,31,1.2864093,0.6877003975888162,0.95,3.3287026445750616,-1.004001023322013,5.597795365124952e-16,-0.2760674741040103,0.9999992747566182
S048,41c37ac25c15e31d9602e6377da14e88f13c378e,1743187645,32,0.7013093,0.5145949166004765,0.9498882999693372,3.368556750954903,-1.4052106450566355,8.734476556660744e-16,-0.003890058850187876,0.9999991665855903
S049,41c37ac25c15e31d9602e6377da14e88f13c378e,1743187645,33,0.9090825,0.6862054085155351,0.9499371596145789,3.1195805848682143,-1.3850053793246564,-6.039770802239291e-16,-0.08893977237387332,0.9999992791576241
S050,41c37ac25c15e31d9602e6377da14e88f13c378e,1743187645,34,0.81526905,0.6201583113456465,0.9501572327044026,2.9393884231955854,-1.2674725132084605,6.755670179466318e-16,0.013091911613043919,0.9999993207635887
S051,41c37ac25c15e31d9602e6377da14e88f13c378e,1743187645,35,0.7704673,0.5294697903822442,0.9499743983614951,3.4315771145072573,-1.4865089800679707,1.3074406466728349e-15,-0.01263194006616275,0.9999991711962558
S053,41c37ac25c15e31d9602e6377da14e88f13c378e,1743187645,36,0.835127,0.5735110370678884,0.9500834724540902,3.3413218942818355,-1.4964389908924056,2.0181304274928113e-15,0.03405973807628482,0.9999992162662052
S054,41c37ac25c15e31d9602e6377da14e88f13c378e,1743187645,37,0.84832436,0.6416036190624756,0.9499479657069231,3.07420791970659,-1.5037302118596378,-2.2565849985195897e-15,-0.029449509708810405,0.9999992575723785
S056,41c37ac25c15e31d9602e6377da14e88f13c378e,1743187645,38,0.82014084,0.43611644956936435,0.950060606060606,3.2670299015714543,-1.594742183676904,1.7302582131289854e-15,0.052854635024483884,0.9999991597892234
S057,41c37ac25c15e31d9602e6377da14e88f13c378e,1743187645,39,0.7400426,0.37395277989337394,0.950077519379845,3.4552045785319327,-1.6414904486191306,8.666415700375076e-16,0.02041352226639668,0.9999991236375225
S061,41c37ac25c15e31d9602e6377da14e88f13c378e,1743187645,40,0.7478454,0.35558534405719394,0.9500687757909216,3.5373631069161755,-1.7741137848986588,3.0412279412388547e-15,0.03080471636430468,0.9999990678021724
S062,41c37ac25c15e31d9602e6377da14e88f13c378e,1743187645,41,0.81666553,0.48832371493759225,0.9500301386377336,3.2541902260857474,-1.421857240554651,-8.234523353080836e-16,0.008981928604948711,0.9999992363009025
S063,41c37ac25c15e31d9602e6377da14e88f13c378e,1743187645,42,0.760313,0.5484250809537827,0.9500931098696462,3.1683125490533133,-1.4030406710071752,6.191017149540776e-16,0.016120480266628448,0.9999992191030445
S064,41c37ac25c15e31d9602e6377da14e88f13c378e,1743187645,43,0.76003003,0.3467531440322708,0.9499435083754973,3.4566490152978258,-1.789883848050201,-1.6510429387298327e-15,0.002473299114100294,0.9999991121867506
S066,41c37ac25c15e31d9602e6377da14e88f13c378e,1743187645,44,0.9436353,0.5842961178338718,0.9497435897435897,3.110698663158701,-1.532605582753334,-3.1425629939308496e-16,-0.044462396834742006,0.9999992651548235
S068,41c37ac25c15e31d9602e6377da14e88f13c378e,1743187645,45,0.69757235,0.5735853276671885,0.9499772623919963,3.181310037585971,-1.2241807318318452,-1.3252541053550095e-15,-0.06870622374393226,0.9999992579467782
S069,41c37ac25c15e31d9602e6377da14e88f13c378e,1743187645,46,0.80570567,0.4169326755658735,0.9500416319733556,3.2793612118023696,-1.678872500435158,6.88422957467258e-16,0.013845863170315439,0.9999991726869124
S070,41c37ac25c15e31d9602e6377da14e88f13c378e,1743187645,47,0.78989184,0.45991842170981434,0.9501119740791919,3.2755700483890973,-1.5503510614402234,-7.957238383028114e-17,0.024210732769718923,0.9999992133259545
S071,41c37ac25c15e31d9602e6377da14e88f13c378e,1743187645,48,0.8499429,0.39251229192583376,0.9500986193293885,3.2683392892966494,-1.6711815830375938,-8.831106167436692e-16,0.02281361735684791,0.9999992130919694
S072,41c37ac25c15e31d9602e6377da14e88f13c378e,1743187645,49,0.8762382,0.4740519850453979,0.9499435028248587,2.7964780208168487,-1.6306258009342565,1.2906354969726698e-16,0.005596656957714299,0.9999992481195448
S073,41c37ac25c15e31d9602e6377da14e88f13c378e,1743187645,50,0.793219,0.36127677446451073,0.9500248385494288,3.5183923128671766,-1.6858778973627662,3.3156560358425487e-15,0.034140273471369276,0.9999991440713124
S074,41c37ac25c15e31d9602e6377da14e88f13c378e,1743187645,51,0.8280784,0.6624548736462094,0.9500394011032309,3.2067333609403517,-1.3996069806120788,-7.683314442915425e-16,-0.02752289129599842,0.9999992658283567
S076,41c37ac25c15e31d9602e6377da14e88f13c378e,1743187645,52,0.6428121,0.36541316180108857,0.95,3.7339531918974975,-1.3518335255759704,-1.5964892215156723e-16,0.01230591817863298,0.9999991324898129
S077,41c37ac25c15e31d9602e6377da14e88f13c378e,1743187645,53,0.8853427,0.763960396039604,0.9499545040946314,3.194959108636891,-1.7182713171490551,-5.541498113629399e-17,-0.037893634716256216,0.9999991943100459
S078,41c37ac25c15e31d9602e6377da14e88f13c378e,1743187645,54,0.75874966,0.38990864851020235,0.9499274310595065,3.147445778429596,-1.838479119174778,1.6633737173223288e-15,0.06218066219305607,0.9999990689668943
S079,41c37ac25c15e31d9602e6377da14e88f13c378e,1743187645,55,0.82135785,0.5959615955656735,0.9502487562189055,3.3058036209386876,-1.5831671478885279,1.9090650059387407e-15,-0.00538394947453474,0.9999992079946134
S080,41c37ac25c15e31d9602e6377da14e88f13c378e,1743187645,56,0.80118644,0.5433825433825434,0.9499396135265701,3.1153495307604713,-1.6458638343852694,-8.765566083606049e-16,0.011586345373350824,0.9999991732883703
S082,41c37ac25c15e31d9602e6377da14e88f13c378e,1743187645,57,0.8133421,0.37857295601967356,0.9504504504504504,3.2064117990462973,-1.4495895054446677,-5.854914155537476e-16,0.02889411917888057,0.9999992013426764
S083,41c37ac25c15e31d9602e6377da14e88f13c378e,1743187645,58,0.67550236,0.2671779719620293,0.9501144164759725,3.2473550798444593,-1.2905515787402633,1.2855939520626203e-15,0.03174066439354726,0.9999992060228247
S084,41c37ac25c15e31d9602e6377da14e88f13c378e,1743187645,59,0.73814523,0.2831780205655527,0.9499222395023328,3.3875976610211342,-1.5884311079893416,2.700587556816511e-16,0.0346924249000607,0.9999991505491974
S085,41c37ac25c15e31d9602e6377da14e88f13c378e,1743187645,60,0.69205093,0.12020924522258994,0.9500426257459506,3.173735367719854,-1.6956902240195222,-8.748760933905884e-16,0.10426603527500147,0.9999990730194858
S086,41c37ac25c15e31d9602e6377da14e88f13c378e,1743187645,61,0.76746017,0.42423164484917475,0.9499721758486366,3.386533165047497,-1.4297346456561737,1.9972920418646066e-15,0.006089028776051846,0.999999188820132
S088,41c37ac25c15e31d9602e6377da14e88f13c378e,1743187645,62,0.7793225,0.2472212573810351,0.9499398073836276,3.2158168084265513,-1.8656250613856609,-1.4142793858916336e-15,0.013055111430608762,0.9999991668486983
S089,41c37ac25c15e31d9602e6377da14e88f13c378e,1743187645,63,0.8167412,0.45660832830416415,0.9500656167979002,3.1367643087919626,-1.6402205215099441,3.028287975969728e-16,0.036956547778555865,0.9999992142375569
S090,41c37ac25c15e31d9602e6377da14e88f13c378e,1743187645,64,0.81094646,0.2645656527128826,0.9499522445081184,3.253138549780741,-1.6700533603607404,6.715337820185922e-16,0.033583826778798086,0.9999992157638117
S091,41c37ac25c15e31d9602e6377da14e88f13c378e,1743187645,65,0.75876683,0.51232741617357,0.9500221926320461,3.4274483074077238,-1.4132688914810576,9.217624610540487e-16,-0.05801522424496991,0.9999992190708178
S092,41c37ac25c15e31d9602e6377da14e88f13c378e,1743187645,66,0.62942517,0.24203328602760935,0.9499786050492084,3.4641409025785834,-1.4991234676582341,1.319708405953955e-15,0.07828061385111822,0.999999101421772
S093,41c37ac25c15e31d9602e6377da14e88f13c378e,1743187645,67,0.80108225,0.7054484657749803,0.9499028182701652,3.1342579708309914,-1.4351896760034912,2.599756658615521e-16,-0.00847459324485402,0.9999992601493548
S095,41c37ac25c15e31d9602e6377da14e88f13c378e,1743187645,68,0.83267033,0.3816231343283582,0.95005005005005,3.0509092177451027,-1.4838584391241034,2.319110658622766e-17,0.0007715528363885501,0.9999992593137623
S096,41c37ac25c15e31d9602e6377da14e88f13c378e,1743187645,69,0.81103927,0.39394776296062495,0.9499252615844545,3.137765168703284,-1.5583373313077613,-2.372214931675287e-15,0.015259753655824444,0.999999208949404
S098,41c37ac25c15e31d9602e6377da14e88f13c378e,1743187645,70,0.7486255,0.3229505391066233,0.9499757399320718,3.5071373549329845,-1.5505147494680434,1.9436836143210805e-15,0.005681906816951854,0.9999991570177749
S100,41c37ac25c15e31d9602e6377da14e88f13c378e,1743187645,71,0.7264714,0.5228298380674277,0.9500203998368013,3.492438910915748,-1.4664413982573732,3.518998347214545e-16,0.0022238000776600058,0.9999991744882235
S101,41c37ac25c15e31d9602e6377da14e88f13c378e,1743187645,72,0.8140907,0.6067353698932646,0.9499772001823985,3.190290813720085,-1.502731994572463,-5.310427305252131e-16,-0.021672418057634667,0.9999992108198972
S102,41c37ac25c15e31d9602e6377da14e88f13c378e,1743187645,73,0.702397,0.24353506941293893,0.95,3.3389304341329473,-1.5473351387167327,1.2019043065557987e-15,0.08103136956490174,0.9999991353331842
